ISO-10303-21;
HEADER;
FILE_DESCRIPTION((''),'2;1');
FILE_NAME('S861','2021-06-14T11:04:41',('ED9772'),(''),
'CREO PARAMETRIC BY PTC INC, 2017380','CREO PARAMETRIC BY PTC INC, 2017380','');
FILE_SCHEMA(('CONFIG_CONTROL_DESIGN','SHAPE_APPEARANCE_LAYERS_GROUPS'));
ENDSEC;
DATA;
#239=CARTESIAN_POINT('',(0.E0,0.E0,5.E-1));
#240=DIRECTION('',(1.E0,0.E0,0.E0));
#241=DIRECTION('',(0.E0,-5.361370953500E-1,-8.441309228963E-1));
#242=AXIS2_PLACEMENT_3D('',#239,#240,#241);
#244=CARTESIAN_POINT('',(0.E0,0.E0,-5.E-1));
#245=DIRECTION('',(1.E0,0.E0,0.E0));
#246=DIRECTION('',(0.E0,0.E0,1.E0));
#247=AXIS2_PLACEMENT_3D('',#244,#245,#246);
#249=CARTESIAN_POINT('',(0.E0,-2.680685466832E-1,7.793453787873E-2));
#250=CARTESIAN_POINT('',(0.E0,-2.693353442872E-1,5.827146649348E-2));
#251=CARTESIAN_POINT('',(0.E0,-2.716451243566E-1,2.008885898169E-2));
#252=CARTESIAN_POINT('',(-1.064310676628E-14,-2.745043866116E-1,
-3.360756530139E-2));
#253=CARTESIAN_POINT('',(2.276304145177E-14,-2.760728615818E-1,
-6.730124505362E-2));
#254=CARTESIAN_POINT('',(2.276304145177E-14,-2.767839149256E-1,
-8.359795436955E-2));
#256=CARTESIAN_POINT('',(0.E0,0.E0,-5.E-1));
#257=DIRECTION('',(1.E0,0.E0,0.E0));
#258=DIRECTION('',(0.E0,5.361370944530E-1,8.441309234660E-1));
#259=AXIS2_PLACEMENT_3D('',#256,#257,#258);
#261=CARTESIAN_POINT('',(0.E0,0.E0,5.E-1));
#262=DIRECTION('',(1.E0,0.E0,0.E0));
#263=DIRECTION('',(0.E0,0.E0,-1.E0));
#264=AXIS2_PLACEMENT_3D('',#261,#262,#263);
#266=CARTESIAN_POINT('',(0.E0,2.680685462245E-1,-7.793453758615E-2));
#267=CARTESIAN_POINT('',(0.E0,2.693353445075E-1,-5.827144790192E-2));
#268=CARTESIAN_POINT('',(0.E0,2.716451273731E-1,-2.008881507398E-2));
#269=CARTESIAN_POINT('',(0.E0,2.745043942083E-1,3.360769908678E-2));
#270=CARTESIAN_POINT('',(0.E0,2.760728636588E-1,6.730130300847E-2));
#271=CARTESIAN_POINT('',(0.E0,2.767839145856E-1,8.359795424944E-2));
#273=CARTESIAN_POINT('',(1.E-1,-2.680685463781E-1,7.793453772817E-2));
#274=DIRECTION('',(0.E0,8.441309245437E-1,-5.361370927562E-1));
#275=DIRECTION('',(-1.E0,1.041500219401E-11,1.639785529584E-11));
#276=AXIS2_PLACEMENT_3D('',#273,#274,#275);
#278=CARTESIAN_POINT('',(1.E-1,0.E0,5.E-1));
#279=DIRECTION('',(1.E0,0.E0,0.E0));
#280=DIRECTION('',(0.E0,-5.361370926314E-1,-8.441309246229E-1));
#281=AXIS2_PLACEMENT_3D('',#278,#279,#280);
#283=CARTESIAN_POINT('',(-1.140792813491E-1,-3.920668282289E-1,
4.207321940342E-1));
#284=CARTESIAN_POINT('',(-1.088992763081E-1,-3.916553805490E-1,
4.186996724946E-1));
#285=CARTESIAN_POINT('',(-9.849925186896E-2,-3.906349553823E-1,
4.138067935471E-1));
#286=CARTESIAN_POINT('',(-8.270846997214E-2,-3.884330352364E-1,
4.042981043773E-1));
#287=CARTESIAN_POINT('',(-6.651865892522E-2,-3.854125257019E-1,
3.926962576623E-1));
#288=CARTESIAN_POINT('',(-4.978167023406E-2,-3.813781050148E-1,
3.790477436828E-1));
#289=CARTESIAN_POINT('',(-3.234633330843E-2,-3.760576479410E-1,
3.633005554920E-1));
#290=CARTESIAN_POINT('',(-1.418000252572E-2,-3.691142002853E-1,
3.454212330453E-1));
#291=CARTESIAN_POINT('',(4.632767530372E-3,-3.601405161078E-1,
3.254135199546E-1));
#292=CARTESIAN_POINT('',(2.391068696512E-2,-3.486241729666E-1,
3.032870255135E-1));
#293=CARTESIAN_POINT('',(4.339178707457E-2,-3.338565331615E-1,
2.789858870912E-1));
#294=CARTESIAN_POINT('',(6.264848870687E-2,-3.147756987615E-1,
2.523513427470E-1));
#295=CARTESIAN_POINT('',(8.053076385576E-2,-2.900701732619E-1,
2.235899595812E-1));
#296=CARTESIAN_POINT('',(9.500167629581E-2,-2.583458651151E-1,
1.933741778424E-1));
#297=CARTESIAN_POINT('',(9.999910432171E-2,-2.303101284286E-1,
1.724180983484E-1));
#298=CARTESIAN_POINT('',(9.999999999852E-2,-2.144548371173E-1,
1.623476301919E-1));
#300=DIRECTION('',(1.E0,6.891272433622E-13,-4.093570540511E-10));
#301=VECTOR('',#300,4.956439987197E-1);
#302=CARTESIAN_POINT('',(0.E0,0.E0,9.E-1));
#303=LINE('',#302,#301);
#304=CARTESIAN_POINT('',(4.956440222855E-1,0.E0,5.E-1));
#305=DIRECTION('',(1.E0,0.E0,0.E0));
#306=DIRECTION('',(0.E0,0.E0,1.E0));
#307=AXIS2_PLACEMENT_3D('',#304,#305,#306);
#309=CARTESIAN_POINT('',(-1.536436582911E-1,-3.922584739039E-1,
4.002646602676E-1));
#310=CARTESIAN_POINT('',(-1.488684339537E-1,-3.918956888568E-1,
4.053125116955E-1));
#311=CARTESIAN_POINT('',(-1.373113457861E-1,-3.914563919343E-1,
4.141779148848E-1));
#312=CARTESIAN_POINT('',(-1.219744490829E-1,-3.917679130519E-1,
4.192473258630E-1));
#313=CARTESIAN_POINT('',(-1.140792813491E-1,-3.920668282289E-1,
4.207321940342E-1));
#315=CARTESIAN_POINT('',(2.276304145177E-14,-2.767839149256E-1,
-8.359795436955E-2));
#316=CARTESIAN_POINT('',(-3.304048021759E-7,-2.899703364066E-1,
-9.827925867972E-2));
#317=CARTESIAN_POINT('',(-3.016095234327E-3,-3.130851069765E-1,
-1.286156859997E-1));
#318=CARTESIAN_POINT('',(-1.169005126919E-2,-3.400108678735E-1,
-1.743223024213E-1));
#319=CARTESIAN_POINT('',(-2.201623849102E-2,-3.606924851967E-1,
-2.185827311938E-1));
#320=CARTESIAN_POINT('',(-3.248520195722E-2,-3.763601867468E-1,
-2.602511725224E-1));
#321=CARTESIAN_POINT('',(-4.242056899806E-2,-3.882755544586E-1,
-2.995561523944E-1));
#322=CARTESIAN_POINT('',(-5.135689325203E-2,-3.972196340146E-1,
-3.365220246072E-1));
#323=CARTESIAN_POINT('',(-5.898740361361E-2,-4.037953450542E-1,
-3.712571854082E-1));
#324=CARTESIAN_POINT('',(-6.309526233475E-2,-4.069218687357E-1,
-3.931908726025E-1));
#325=CARTESIAN_POINT('',(-6.487055178833E-2,-4.082184224012E-1,
-4.038215802419E-1));
#327=CARTESIAN_POINT('',(-6.487055178833E-2,-4.082184224012E-1,
-4.038215802419E-1));
#328=CARTESIAN_POINT('',(-7.181335003505E-2,-4.130876391932E-1,
-4.160153152722E-1));
#329=CARTESIAN_POINT('',(-8.654120841461E-2,-4.216407287382E-1,
-4.412028845413E-1));
#330=CARTESIAN_POINT('',(-1.027349989512E-1,-4.275807570361E-1,
-4.678374370269E-1));
#331=CARTESIAN_POINT('',(-1.111455027408E-1,-4.298240436544E-1,
-4.814757495261E-1));
#333=CARTESIAN_POINT('',(-1.536436582911E-1,-3.922584739039E-1,
4.002646602676E-1));
#334=CARTESIAN_POINT('',(-1.509170089402E-1,-3.922877446272E-1,
4.006572848425E-1));
#335=CARTESIAN_POINT('',(-1.453047119221E-1,-3.922851419992E-1,
4.006065394748E-1));
#336=CARTESIAN_POINT('',(-1.360615669359E-1,-3.920332006879E-1,
3.972736667977E-1));
#337=CARTESIAN_POINT('',(-1.268411048035E-1,-3.914971885731E-1,
3.907311438912E-1));
#338=CARTESIAN_POINT('',(-1.176074511301E-1,-3.906318613603E-1,
3.814152113913E-1));
#339=CARTESIAN_POINT('',(-1.082261736638E-1,-3.893501092899E-1,
3.695032648589E-1));
#340=CARTESIAN_POINT('',(-9.860241705226E-2,-3.875366158783E-1,
3.551309061905E-1));
#341=CARTESIAN_POINT('',(-8.864393181784E-2,-3.850377652222E-1,
3.383302168450E-1));
#342=CARTESIAN_POINT('',(-7.827225325397E-2,-3.816491036501E-1,
3.190510166087E-1));
#343=CARTESIAN_POINT('',(-6.747577665636E-2,-3.771177094552E-1,
2.972682646031E-1));
#344=CARTESIAN_POINT('',(-5.630948295337E-2,-3.711371113516E-1,
2.730001859399E-1));
#345=CARTESIAN_POINT('',(-4.488075556422E-2,-3.633190403016E-1,
2.462650563800E-1));
#346=CARTESIAN_POINT('',(-3.334583175682E-2,-3.531339153567E-1,
2.169957097796E-1));
#347=CARTESIAN_POINT('',(-2.196523406354E-2,-3.397883568141E-1,
1.850296029140E-1));
#348=CARTESIAN_POINT('',(-1.142794188078E-2,-3.223428528668E-1,
1.506600767464E-1));
#349=CARTESIAN_POINT('',(-2.919530542897E-3,-2.996308612140E-1,
1.146290244101E-1));
#350=CARTESIAN_POINT('',(-2.473425646527E-7,-2.796031868159E-1,
8.991693127044E-2));
#351=CARTESIAN_POINT('',(0.E0,-2.680685466832E-1,7.793453787873E-2));
#353=CARTESIAN_POINT('',(9.999999997248E-2,-2.767844435513E-1,
-8.359830475695E-2));
#354=DIRECTION('',(-1.654715614376E-6,-8.328033903747E-1,-5.535688872919E-1));
#355=DIRECTION('',(-9.999999999986E-1,1.401251377860E-6,8.810984995341E-7));
#356=AXIS2_PLACEMENT_3D('',#353,#354,#355);
#358=CARTESIAN_POINT('',(1.E-1,2.680685458928E-1,-7.793453741996E-2));
#359=DIRECTION('',(0.E0,-8.441309251601E-1,5.361370917857E-1));
#360=DIRECTION('',(-1.E0,-4.039546475099E-12,-6.360467708078E-12));
#361=AXIS2_PLACEMENT_3D('',#358,#359,#360);
#363=CARTESIAN_POINT('',(1.E-1,0.E0,-5.E-1));
#364=DIRECTION('',(1.E0,0.E0,0.E0));
#365=DIRECTION('',(0.E0,5.361370917147E-1,8.441309252051E-1));
#366=AXIS2_PLACEMENT_3D('',#363,#364,#365);
#368=CARTESIAN_POINT('',(-1.140789033375E-1,3.920668146335E-1,
-4.207323879082E-1));
#369=CARTESIAN_POINT('',(-1.088992324887E-1,3.916554601135E-1,
-4.187003276520E-1));
#370=CARTESIAN_POINT('',(-9.850129566744E-2,3.906351794028E-1,
-4.138077390369E-1));
#371=CARTESIAN_POINT('',(-8.271311181592E-2,3.884337751806E-1,
-4.043012271068E-1));
#372=CARTESIAN_POINT('',(-6.652587885931E-2,3.854140149026E-1,
-3.927017127339E-1));
#373=CARTESIAN_POINT('',(-4.979171408395E-2,3.813807732426E-1,
-3.790563173359E-1));
#374=CARTESIAN_POINT('',(-3.235966320465E-2,3.760621107222E-1,
-3.633130477780E-1));
#375=CARTESIAN_POINT('',(-1.419695037733E-2,3.691213261163E-1,
-3.454384938479E-1));
#376=CARTESIAN_POINT('',(4.612212298061E-3,3.601512902175E-1,
-3.254361026566E-1));
#377=CARTESIAN_POINT('',(2.388648996312E-2,3.486402898874E-1,
-3.033158537501E-1));
#378=CARTESIAN_POINT('',(4.336580478335E-2,3.338784630299E-1,
-2.790196362735E-1));
#379=CARTESIAN_POINT('',(6.261767084301E-2,3.148107544587E-1,
-2.523965277424E-1));
#380=CARTESIAN_POINT('',(8.050617202171E-2,2.901127162513E-1,
-2.236345413745E-1));
#381=CARTESIAN_POINT('',(9.499135467397E-2,2.583844697947E-1,
-1.934053303793E-1));
#382=CARTESIAN_POINT('',(9.999909761811E-2,2.303267124016E-1,
-1.724286309849E-1));
#383=CARTESIAN_POINT('',(9.999999999884E-2,2.144548367304E-1,
-1.623476299462E-1));
#385=DIRECTION('',(1.E0,-7.658472190388E-13,4.093570543801E-10));
#386=VECTOR('',#385,4.956439983214E-1);
#387=CARTESIAN_POINT('',(0.E0,0.E0,-9.E-1));
#388=LINE('',#387,#386);
#389=CARTESIAN_POINT('',(4.956440214889E-1,0.E0,-5.E-1));
#390=DIRECTION('',(1.E0,0.E0,0.E0));
#391=DIRECTION('',(0.E0,0.E0,-1.E0));
#392=AXIS2_PLACEMENT_3D('',#389,#390,#391);
#394=CARTESIAN_POINT('',(-1.536436362217E-1,3.922584750657E-1,
-4.002646908849E-1));
#395=CARTESIAN_POINT('',(-1.488689730232E-1,3.918956421666E-1,
-4.053132596512E-1));
#396=CARTESIAN_POINT('',(-1.373118525695E-1,3.914563787696E-1,
-4.141777255633E-1));
#397=CARTESIAN_POINT('',(-1.219738799193E-1,3.917679081790E-1,
-4.192474319248E-1));
#398=CARTESIAN_POINT('',(-1.140789033375E-1,3.920668146335E-1,
-4.207323879082E-1));
#400=CARTESIAN_POINT('',(-1.536436362217E-1,3.922584750657E-1,
-4.002646908849E-1));
#401=CARTESIAN_POINT('',(-1.509169677931E-1,3.922877351052E-1,
-4.006576220629E-1));
#402=CARTESIAN_POINT('',(-1.453047556949E-1,3.922851714088E-1,
-4.006056604919E-1));
#403=CARTESIAN_POINT('',(-1.360651051566E-1,3.920333298958E-1,
-3.972751886194E-1));
#404=CARTESIAN_POINT('',(-1.268458809687E-1,3.914975151177E-1,
-3.907354959293E-1));
#405=CARTESIAN_POINT('',(-1.176129243986E-1,3.906324540205E-1,
-3.814215625493E-1));
#406=CARTESIAN_POINT('',(-1.082330526292E-1,3.893511803179E-1,
-3.695128497149E-1));
#407=CARTESIAN_POINT('',(-9.861063658534E-2,3.875383744781E-1,
-3.551440205829E-1));
#408=CARTESIAN_POINT('',(-8.865357820335E-2,3.850404912922E-1,
-3.383473252930E-1));
#409=CARTESIAN_POINT('',(-7.828357188858E-2,3.816532428151E-1,
-3.190729151424E-1));
#410=CARTESIAN_POINT('',(-6.748894965347E-2,3.771238871597E-1,
-2.972957973072E-1));
#411=CARTESIAN_POINT('',(-5.632451901953E-2,3.711460872129E-1,
-2.730339550662E-1));
#412=CARTESIAN_POINT('',(-4.489751487097E-2,3.633319645031E-1,
-2.463057664658E-1));
#413=CARTESIAN_POINT('',(-3.336326508329E-2,3.531512572940E-1,
-2.170417460350E-1));
#414=CARTESIAN_POINT('',(-2.198479439633E-2,3.398149540943E-1,
-1.850880006980E-1));
#415=CARTESIAN_POINT('',(-1.144325111326E-2,3.223749968308E-1,
-1.507162292753E-1));
#416=CARTESIAN_POINT('',(-2.925580233785E-3,2.996589617127E-1,
-1.146666716385E-1));
#417=CARTESIAN_POINT('',(-2.494113329202E-7,2.796157838503E-1,
-8.993000208855E-2));
#418=CARTESIAN_POINT('',(0.E0,2.680685462245E-1,-7.793453758615E-2));
#420=CARTESIAN_POINT('',(0.E0,2.767839145856E-1,8.359795424944E-2));
#421=CARTESIAN_POINT('',(-2.354333894294E-7,2.896983655139E-1,
9.797679598528E-2));
#422=CARTESIAN_POINT('',(-3.059505555249E-3,3.150622159505E-1,
1.308142970094E-1));
#423=CARTESIAN_POINT('',(-1.505647624694E-2,3.493413446656E-1,
1.908191835239E-1));
#424=CARTESIAN_POINT('',(-3.394640207511E-2,3.796949906859E-1,
2.660726111790E-1));
#425=CARTESIAN_POINT('',(-5.435706357847E-2,4.006380247349E-1,
3.469714310089E-1));
#426=CARTESIAN_POINT('',(-6.995146839973E-2,4.119848979089E-1,
4.265894827105E-1));
#427=CARTESIAN_POINT('',(-7.521748252431E-2,4.149868194822E-1,
5.018006156807E-1));
#428=CARTESIAN_POINT('',(-7.196748081826E-2,4.128481029212E-1,
5.460627338083E-1));
#429=CARTESIAN_POINT('',(-6.941600034790E-2,4.110337503410E-1,
5.670832334459E-1));
#431=CARTESIAN_POINT('',(9.999999994918E-2,2.767851981234E-1,
8.359880632425E-2));
#432=DIRECTION('',(-4.022368492713E-6,8.328023872439E-1,5.535703964129E-1));
#433=DIRECTION('',(-9.999999999919E-1,-3.372945250968E-6,-2.191901235240E-6));
#434=AXIS2_PLACEMENT_3D('',#431,#432,#433);
#436=CARTESIAN_POINT('',(-4.533054872710E-5,3.869666194160E-1,
6.012702107696E-1));
#437=CARTESIAN_POINT('',(-1.054291654782E-4,3.859718475385E-1,
6.050886261526E-1));
#438=CARTESIAN_POINT('',(-3.582231960883E-4,3.842643448088E-1,
6.114536258882E-1));
#439=CARTESIAN_POINT('',(-1.763122745933E-3,3.821899091339E-1,
6.193777313590E-1));
#440=CARTESIAN_POINT('',(-4.858547303948E-3,3.805540896417E-1,
6.265358860769E-1));
#441=CARTESIAN_POINT('',(-1.215170538718E-2,3.810838274424E-1,
6.296810892646E-1));
#442=CARTESIAN_POINT('',(-2.023015630449E-2,3.837788318141E-1,
6.270621408773E-1));
#443=CARTESIAN_POINT('',(-2.767188313762E-2,3.869852977267E-1,
6.224574677403E-1));
#444=CARTESIAN_POINT('',(-3.472761864401E-2,3.904611902015E-1,
6.165983753831E-1));
#445=CARTESIAN_POINT('',(-4.180556128981E-2,3.942480815533E-1,
6.094754311225E-1));
#446=CARTESIAN_POINT('',(-4.886282938972E-2,3.982616359236E-1,
6.011245434736E-1));
#447=CARTESIAN_POINT('',(-5.590198229761E-2,4.024594531958E-1,
5.914335165016E-1));
#448=CARTESIAN_POINT('',(-6.282942280983E-2,4.067629238035E-1,
5.802574870335E-1));
#449=CARTESIAN_POINT('',(-6.727851948831E-2,4.096307404896E-1,
5.716829241781E-1));
#450=CARTESIAN_POINT('',(-6.941600034790E-2,4.110337503410E-1,
5.670832334459E-1));
#452=CARTESIAN_POINT('',(1.000000000747E-1,2.214271270364E-1,
1.668783594355E-1));
#453=CARTESIAN_POINT('',(9.999923548232E-2,2.383165407064E-1,
1.781047617113E-1));
#454=CARTESIAN_POINT('',(9.489427526215E-2,2.713766138685E-1,
2.038745753687E-1));
#455=CARTESIAN_POINT('',(7.492062952100E-2,3.159346056609E-1,
2.514774790764E-1));
#456=CARTESIAN_POINT('',(4.346639170113E-2,3.553467027391E-1,
3.116505241510E-1));
#457=CARTESIAN_POINT('',(9.388962805490E-3,3.825514389766E-1,
3.766919692424E-1));
#458=CARTESIAN_POINT('',(-1.645325034997E-2,3.973087902759E-1,
4.409436858792E-1));
#459=CARTESIAN_POINT('',(-2.550254469015E-2,4.013566599513E-1,
5.014954856519E-1));
#460=CARTESIAN_POINT('',(-1.709472813813E-2,3.972635916705E-1,
5.552413028014E-1));
#461=CARTESIAN_POINT('',(-6.005170932568E-3,3.907467509363E-1,
5.867421695263E-1));
#462=CARTESIAN_POINT('',(-4.533054872710E-5,3.869666194160E-1,
6.012702107696E-1));
#464=CARTESIAN_POINT('',(1.E-1,0.E0,5.E-1));
#465=DIRECTION('',(1.E0,0.E0,0.E0));
#466=DIRECTION('',(0.E0,0.E0,-1.E0));
#467=AXIS2_PLACEMENT_3D('',#464,#465,#466);
#469=DIRECTION('',(1.E0,-1.814189888635E-9,5.128231328824E-10));
#470=VECTOR('',#469,3.956439987197E-1);
#471=CARTESIAN_POINT('',(1.E-1,7.174318225357E-10,1.E-1));
#472=LINE('',#471,#470);
#473=CARTESIAN_POINT('',(4.956440222855E-1,0.E0,5.E-1));
#474=DIRECTION('',(1.E0,0.E0,0.E0));
#475=DIRECTION('',(0.E0,0.E0,-1.E0));
#476=AXIS2_PLACEMENT_3D('',#473,#474,#475);
#478=CARTESIAN_POINT('',(9.640188721654E-1,0.E0,5.E-1));
#479=DIRECTION('',(1.E0,0.E0,0.E0));
#480=DIRECTION('',(0.E0,0.E0,-1.E0));
#481=AXIS2_PLACEMENT_3D('',#478,#479,#480);
#483=CARTESIAN_POINT('',(4.956440222855E-1,3.415360442377E-13,7.E-1));
#484=DIRECTION('',(0.E0,1.E0,-1.707680004348E-12));
#485=DIRECTION('',(7.806247497998E-1,-1.067300002718E-12,-6.25E-1));
#486=AXIS2_PLACEMENT_3D('',#483,#484,#485);
#488=DIRECTION('',(-1.E0,0.E0,0.E0));
#489=VECTOR('',#488,3.478598112783E1);
#490=CARTESIAN_POINT('',(3.575E1,0.E0,3.25E-1));
#491=LINE('',#490,#489);
#492=DIRECTION('',(-1.E0,0.E0,0.E0));
#493=VECTOR('',#492,3.478598112783E1);
#494=CARTESIAN_POINT('',(3.575E1,0.E0,6.75E-1));
#495=LINE('',#494,#493);
#496=CARTESIAN_POINT('',(9.640188721654E-1,0.E0,5.E-1));
#497=DIRECTION('',(1.E0,0.E0,0.E0));
#498=DIRECTION('',(0.E0,0.E0,1.E0));
#499=AXIS2_PLACEMENT_3D('',#496,#497,#498);
#501=CARTESIAN_POINT('',(4.956440222855E-1,-3.415802796863E-13,3.E-1));
#502=DIRECTION('',(0.E0,-1.E0,1.707902048953E-12));
#503=DIRECTION('',(7.806247497998E-1,1.067438780596E-12,6.25E-1));
#504=AXIS2_PLACEMENT_3D('',#501,#502,#503);
#506=CARTESIAN_POINT('',(3.575E1,0.E0,5.E-1));
#507=DIRECTION('',(1.E0,0.E0,0.E0));
#508=DIRECTION('',(0.E0,0.E0,1.E0));
#509=AXIS2_PLACEMENT_3D('',#506,#507,#508);
#511=CARTESIAN_POINT('',(3.575E1,0.E0,5.E-1));
#512=DIRECTION('',(1.E0,0.E0,0.E0));
#513=DIRECTION('',(0.E0,0.E0,-1.E0));
#514=AXIS2_PLACEMENT_3D('',#511,#512,#513);
#516=CARTESIAN_POINT('',(3.575E1,0.E0,-5.E-1));
#517=DIRECTION('',(1.E0,0.E0,0.E0));
#518=DIRECTION('',(0.E0,0.E0,1.E0));
#519=AXIS2_PLACEMENT_3D('',#516,#517,#518);
#521=CARTESIAN_POINT('',(3.575E1,0.E0,-5.E-1));
#522=DIRECTION('',(1.E0,0.E0,0.E0));
#523=DIRECTION('',(0.E0,0.E0,-1.E0));
#524=AXIS2_PLACEMENT_3D('',#521,#522,#523);
#526=DIRECTION('',(-1.E0,0.E0,0.E0));
#527=VECTOR('',#526,3.478598112863E1);
#528=CARTESIAN_POINT('',(3.575E1,0.E0,-3.25E-1));
#529=LINE('',#528,#527);
#530=CARTESIAN_POINT('',(9.640188713688E-1,0.E0,-5.E-1));
#531=DIRECTION('',(1.E0,0.E0,0.E0));
#532=DIRECTION('',(0.E0,0.E0,1.E0));
#533=AXIS2_PLACEMENT_3D('',#530,#531,#532);
#535=CARTESIAN_POINT('',(4.956440214889E-1,-3.796780598253E-13,-7.E-1));
#536=DIRECTION('',(0.E0,-1.E0,1.898392033850E-12));
#537=DIRECTION('',(7.806247497998E-1,1.186495021156E-12,6.25E-1));
#538=AXIS2_PLACEMENT_3D('',#535,#536,#537);
#540=CARTESIAN_POINT('',(9.640188713688E-1,0.E0,-5.E-1));
#541=DIRECTION('',(1.E0,0.E0,0.E0));
#542=DIRECTION('',(0.E0,0.E0,-1.E0));
#543=AXIS2_PLACEMENT_3D('',#540,#541,#542);
#545=CARTESIAN_POINT('',(4.956440214889E-1,3.796756745805E-13,-3.E-1));
#546=DIRECTION('',(0.E0,1.E0,-1.898378156062E-12));
#547=DIRECTION('',(7.806247497998E-1,-1.186486347539E-12,-6.25E-1));
#548=AXIS2_PLACEMENT_3D('',#545,#546,#547);
#550=DIRECTION('',(-1.E0,0.E0,0.E0));
#551=VECTOR('',#550,3.478598112863E1);
#552=CARTESIAN_POINT('',(3.575E1,0.E0,-6.75E-1));
#553=LINE('',#552,#551);
#554=CARTESIAN_POINT('',(1.000000000237E-1,-2.214271297994E-1,
-1.668783612720E-1));
#555=CARTESIAN_POINT('',(9.999901646547E-2,-2.371273063975E-1,
-1.773142767476E-1));
#556=CARTESIAN_POINT('',(9.573377759725E-2,-2.653058778469E-1,
-1.992541791354E-1));
#557=CARTESIAN_POINT('',(8.306869393921E-2,-2.984851418100E-1,
-2.325012230431E-1));
#558=CARTESIAN_POINT('',(6.759873444041E-2,-3.246086301545E-1,
-2.651690459864E-1));
#559=CARTESIAN_POINT('',(5.151411328521E-2,-3.448697876294E-1,
-2.963426280184E-1));
#560=CARTESIAN_POINT('',(3.592293389721E-2,-3.606153937724E-1,
-3.259406008919E-1));
#561=CARTESIAN_POINT('',(2.149930600765E-2,-3.727856906105E-1,
-3.540009413181E-1));
#562=CARTESIAN_POINT('',(8.722730572880E-3,-3.820623707046E-1,
-3.805330680203E-1));
#563=CARTESIAN_POINT('',(1.493301051686E-3,-3.866929370270E-1,
-3.973399295636E-1));
#564=CARTESIAN_POINT('',(-1.747407148400E-3,-3.886760169309E-1,
-4.054964963924E-1));
#566=CARTESIAN_POINT('',(1.E-1,0.E0,-5.E-1));
#567=DIRECTION('',(1.E0,0.E0,0.E0));
#568=DIRECTION('',(0.E0,0.E0,1.E0));
#569=AXIS2_PLACEMENT_3D('',#566,#567,#568);
#571=DIRECTION('',(1.E0,1.913845015525E-9,-5.128233789339E-10));
#572=VECTOR('',#571,3.956439983214E-1);
#573=CARTESIAN_POINT('',(1.E-1,-7.568215357208E-10,-1.E-1));
#574=LINE('',#573,#572);
#575=CARTESIAN_POINT('',(4.956440214889E-1,0.E0,-5.E-1));
#576=DIRECTION('',(1.E0,0.E0,0.E0));
#577=DIRECTION('',(0.E0,0.E0,1.E0));
#578=AXIS2_PLACEMENT_3D('',#575,#576,#577);
#580=CARTESIAN_POINT('',(-1.747407148400E-3,-3.886760169309E-1,
-4.054964963924E-1));
#581=CARTESIAN_POINT('',(-2.027234097789E-3,-3.873505372555E-1,
-4.000452066999E-1));
#582=CARTESIAN_POINT('',(-3.213025771287E-3,-3.848511882204E-1,
-3.899660029596E-1));
#583=CARTESIAN_POINT('',(-7.201276466293E-3,-3.816894622422E-1,
-3.764531117645E-1));
#584=CARTESIAN_POINT('',(-1.851467688068E-2,-3.818791342551E-1,
-3.664320590470E-1));
#585=CARTESIAN_POINT('',(-3.238207925962E-2,-3.876302027651E-1,
-3.688876261331E-1));
#586=CARTESIAN_POINT('',(-4.454001420119E-2,-3.945691521476E-1,
-3.771072884824E-1));
#587=CARTESIAN_POINT('',(-5.531673503208E-2,-4.015733688025E-1,
-3.887148777370E-1));
#588=CARTESIAN_POINT('',(-6.180250624200E-2,-4.060666445853E-1,
-3.984328813205E-1));
#589=CARTESIAN_POINT('',(-6.487055178833E-2,-4.082184224012E-1,
-4.038215802419E-1));
#591=CARTESIAN_POINT('',(-1.747407148400E-3,-3.886760169309E-1,
-4.054964963924E-1));
#592=CARTESIAN_POINT('',(7.669216826255E-5,-3.972965455387E-1,
-4.409552432277E-1));
#593=CARTESIAN_POINT('',(-7.219898951982E-5,-4.051368618232E-1,
-5.153619061347E-1));
#594=CARTESIAN_POINT('',(4.644604585483E-5,-3.841810433475E-1,
-6.301576550044E-1));
#595=CARTESIAN_POINT('',(-2.060677310203E-4,-3.313255816076E-1,
-7.338273262199E-1));
#596=CARTESIAN_POINT('',(-3.766415698713E-4,-2.518056449410E-1,
-8.177703302232E-1));
#597=CARTESIAN_POINT('',(7.296995986837E-6,-1.526070775125E-1,
-8.756380961375E-1));
#598=CARTESIAN_POINT('',(1.273779965497E-4,-7.786512703922E-2,
-8.941669057555E-1));
#599=CARTESIAN_POINT('',(-1.000134283177E-4,-3.999792897051E-2,
-8.979849613246E-1));
#601=CARTESIAN_POINT('',(-1.000134283177E-4,-3.999792897051E-2,
-8.979849613246E-1));
#602=CARTESIAN_POINT('',(-1.405139401517E-4,-3.325343143989E-2,
-8.986649922662E-1));
#603=CARTESIAN_POINT('',(1.725950476526E-3,-2.000693118894E-2,
-8.996687492516E-1));
#604=CARTESIAN_POINT('',(0.E0,-6.657918066818E-3,-9.E-1));
#605=CARTESIAN_POINT('',(0.E0,0.E0,-9.E-1));
#607=CARTESIAN_POINT('',(0.E0,0.E0,-9.E-1));
#608=CARTESIAN_POINT('',(0.E0,6.981174543981E-2,-9.E-1));
#609=CARTESIAN_POINT('',(4.101542332877E-4,2.093320116351E-1,
-8.626096931889E-1));
#610=CARTESIAN_POINT('',(3.357288727491E-4,3.626089317668E-1,
-7.093336300714E-1));
#611=CARTESIAN_POINT('',(0.E0,4.E-1,-5.698124075762E-1));
#612=CARTESIAN_POINT('',(0.E0,4.E-1,-5.E-1));
#614=DIRECTION('',(-9.653828452921E-1,-1.287177058582E-1,-2.268649691212E-1));
#615=VECTOR('',#614,3.107575419048E0);
#616=CARTESIAN_POINT('',(0.E0,4.E-1,-5.E-1));
#617=LINE('',#616,#615);
#618=CARTESIAN_POINT('',(-3.E0,2.127882673147E-8,-1.205000001484E0));
#619=CARTESIAN_POINT('',(-3.E0,-8.350222302286E-2,-1.205000001484E0));
#620=CARTESIAN_POINT('',(-3.E0,-2.462939879323E-1,-1.188101427696E0));
#621=CARTESIAN_POINT('',(-3.E0,-4.732629542584E-1,-1.116991861579E0));
#622=CARTESIAN_POINT('',(-3.E0,-6.784329574176E-1,-1.005054590297E0));
#623=CARTESIAN_POINT('',(-3.E0,-8.572236200853E-1,-8.572236199507E-1));
#624=CARTESIAN_POINT('',(-3.E0,-1.005054590220E0,-6.784329578787E-1));
#625=CARTESIAN_POINT('',(-3.E0,-1.116991861753E0,-4.732629525483E-1));
#626=CARTESIAN_POINT('',(-3.E0,-1.188101427077E0,-2.462939943114E-1));
#627=CARTESIAN_POINT('',(-3.E0,-1.205000002813E0,-8.350220927829E-2));
#628=CARTESIAN_POINT('',(-3.E0,-1.205000002813E0,3.502339680468E-8));
#630=CARTESIAN_POINT('',(-1.140789033375E-1,3.920668146335E-1,
-4.207323879082E-1));
#631=CARTESIAN_POINT('',(-1.029259729287E-1,3.924895471728E-1,
-4.228232573534E-1));
#632=CARTESIAN_POINT('',(-8.129935871120E-2,3.934594103587E-1,
-4.277691404279E-1));
#633=CARTESIAN_POINT('',(-5.092019979060E-2,3.952871619087E-1,
-4.383779724591E-1));
#634=CARTESIAN_POINT('',(-2.323229926049E-2,3.974710580845E-1,
-4.536975086323E-1));
#635=CARTESIAN_POINT('',(-3.444528708436E-3,3.995223076422E-1,
-4.762105818650E-1));
#636=CARTESIAN_POINT('',(0.E0,4.E-1,-4.917513789533E-1));
#637=CARTESIAN_POINT('',(0.E0,4.E-1,-5.E-1));
#639=CARTESIAN_POINT('',(-1.536436362217E-1,3.922584750657E-1,
-4.002646908849E-1));
#640=CARTESIAN_POINT('',(-1.506071865267E-1,3.955194523198E-1,
-3.667044339070E-1));
#641=CARTESIAN_POINT('',(-1.448586582959E-1,4.014165877478E-1,
-3.019985574402E-1));
#642=CARTESIAN_POINT('',(-1.373862937192E-1,4.085148400314E-1,
-2.114542636207E-1));
#643=CARTESIAN_POINT('',(-1.311269068582E-1,4.140644012085E-1,
-1.274304815477E-1));
#644=CARTESIAN_POINT('',(-1.260398476297E-1,4.183214279350E-1,
-4.971827399969E-2));
#645=CARTESIAN_POINT('',(-1.220217439139E-1,4.215309522469E-1,
2.201357287557E-2));
#646=CARTESIAN_POINT('',(-1.188701564570E-1,4.239369994334E-1,
8.810215047054E-2));
#647=CARTESIAN_POINT('',(-1.164411801896E-1,4.257387947335E-1,
1.490446396143E-1));
#648=CARTESIAN_POINT('',(-1.146045292210E-1,4.270782898307E-1,
2.053111985777E-1));
#649=CARTESIAN_POINT('',(-1.132548694095E-1,4.280618426861E-1,
2.574056129426E-1));
#650=CARTESIAN_POINT('',(-1.122978925691E-1,4.287681321500E-1,
3.057554903888E-1));
#651=CARTESIAN_POINT('',(-1.116579078773E-1,4.292582065209E-1,
3.507368447761E-1));
#652=CARTESIAN_POINT('',(-1.112681323862E-1,4.295825671264E-1,
3.933759024462E-1));
#653=CARTESIAN_POINT('',(-1.110823099216E-1,4.297776130585E-1,
4.357643240300E-1));
#654=CARTESIAN_POINT('',(-1.110971650508E-1,4.298249995112E-1,
4.660051897412E-1));
#655=CARTESIAN_POINT('',(-1.111455027408E-1,4.298240436545E-1,
4.814757495261E-1));
#657=DIRECTION('',(-9.535577070194E-1,2.558713188403E-1,-1.589262960582E-1));
#658=VECTOR('',#657,3.029553928402E0);
#659=CARTESIAN_POINT('',(-1.111455027408E-1,4.298240436545E-1,
4.814757495261E-1));
#660=LINE('',#659,#658);
#661=CARTESIAN_POINT('',(-3.E0,1.205000002813E0,-3.502339625674E-8));
#662=CARTESIAN_POINT('',(-3.E0,1.205000002813E0,-1.489784028349E-1));
#663=CARTESIAN_POINT('',(-3.E0,1.148198987522E0,-4.607979823558E-1));
#664=CARTESIAN_POINT('',(-3.E0,8.758462629416E-1,-8.758462644937E-1));
#665=CARTESIAN_POINT('',(-3.E0,4.607979886897E-1,-1.148198987648E0));
#666=CARTESIAN_POINT('',(-3.E0,1.489783890903E-1,-1.205000001484E0));
#667=CARTESIAN_POINT('',(-3.E0,2.127882673147E-8,-1.205000001484E0));
#669=CARTESIAN_POINT('',(-6.941600034790E-2,4.110337503410E-1,
5.670832334459E-1));
#670=CARTESIAN_POINT('',(-7.572140145046E-2,4.151719903807E-1,
5.535172369681E-1));
#671=CARTESIAN_POINT('',(-8.903424093633E-2,4.225248848183E-1,
5.256350334679E-1));
#672=CARTESIAN_POINT('',(-1.035906855359E-1,4.277845419220E-1,
4.963973725528E-1));
#673=CARTESIAN_POINT('',(-1.111455027408E-1,4.298240436545E-1,
4.814757495261E-1));
#675=CARTESIAN_POINT('',(-4.533054872710E-5,3.869666194160E-1,
6.012702107696E-1));
#676=CARTESIAN_POINT('',(-7.762697650971E-4,3.765625021101E-1,
6.412956107984E-1));
#677=CARTESIAN_POINT('',(6.515874495777E-5,3.435510889541E-1,
7.165680688933E-1));
#678=CARTESIAN_POINT('',(-3.023092311060E-4,2.635748015386E-1,
8.089971819138E-1));
#679=CARTESIAN_POINT('',(2.601182037285E-5,1.594766167044E-1,
8.735683058863E-1));
#680=CARTESIAN_POINT('',(1.414356337991E-4,8.020612707637E-2,
8.939308685337E-1));
#681=CARTESIAN_POINT('',(-1.000134283167E-4,3.999792897051E-2,
8.979849613246E-1));
#683=CARTESIAN_POINT('',(-1.000134283167E-4,3.999792897051E-2,
8.979849613246E-1));
#684=CARTESIAN_POINT('',(-1.405139401508E-4,3.325343143989E-2,
8.986649922662E-1));
#685=CARTESIAN_POINT('',(1.725950476522E-3,2.000693118894E-2,
8.996687492516E-1));
#686=CARTESIAN_POINT('',(0.E0,6.657918066818E-3,9.E-1));
#687=CARTESIAN_POINT('',(0.E0,0.E0,9.E-1));
#689=CARTESIAN_POINT('',(0.E0,0.E0,9.E-1));
#690=CARTESIAN_POINT('',(0.E0,-6.981174543981E-2,9.E-1));
#691=CARTESIAN_POINT('',(4.101542332874E-4,-2.093320116351E-1,
8.626096931889E-1));
#692=CARTESIAN_POINT('',(3.357288727506E-4,-3.626089317668E-1,
7.093336300714E-1));
#693=CARTESIAN_POINT('',(0.E0,-4.E-1,5.698124075762E-1));
#694=CARTESIAN_POINT('',(0.E0,-4.E-1,5.E-1));
#696=DIRECTION('',(-9.653828452921E-1,1.287177058582E-1,2.268649691212E-1));
#697=VECTOR('',#696,3.107575419048E0);
#698=CARTESIAN_POINT('',(0.E0,-4.E-1,5.E-1));
#699=LINE('',#698,#697);
#700=CARTESIAN_POINT('',(-3.E0,-2.127882653103E-8,1.205000001484E0));
#701=CARTESIAN_POINT('',(-3.E0,8.350222302286E-2,1.205000001484E0));
#702=CARTESIAN_POINT('',(-3.E0,2.462939879323E-1,1.188101427696E0));
#703=CARTESIAN_POINT('',(-3.E0,4.732629542584E-1,1.116991861579E0));
#704=CARTESIAN_POINT('',(-3.E0,6.784329574176E-1,1.005054590297E0));
#705=CARTESIAN_POINT('',(-3.E0,8.572236200853E-1,8.572236199507E-1));
#706=CARTESIAN_POINT('',(-3.E0,1.005054590220E0,6.784329578787E-1));
#707=CARTESIAN_POINT('',(-3.E0,1.116991861753E0,4.732629525483E-1));
#708=CARTESIAN_POINT('',(-3.E0,1.188101427077E0,2.462939943114E-1));
#709=CARTESIAN_POINT('',(-3.E0,1.205000002813E0,8.350220927829E-2));
#710=CARTESIAN_POINT('',(-3.E0,1.205000002813E0,-3.502339625674E-8));
#712=CARTESIAN_POINT('',(-1.140792813491E-1,-3.920668282289E-1,
4.207321940342E-1));
#713=CARTESIAN_POINT('',(-1.029266845271E-1,-3.924895407725E-1,
4.228229617812E-1));
#714=CARTESIAN_POINT('',(-8.129971473445E-2,-3.934593792514E-1,
4.277690960349E-1));
#715=CARTESIAN_POINT('',(-5.092052812363E-2,-3.952871423112E-1,
4.383778133769E-1));
#716=CARTESIAN_POINT('',(-2.323247500782E-2,-3.974710402861E-1,
4.536973621273E-1));
#717=CARTESIAN_POINT('',(-3.444550211421E-3,-3.995223047067E-1,
4.762105010574E-1));
#718=CARTESIAN_POINT('',(0.E0,-4.E-1,4.917513492793E-1));
#719=CARTESIAN_POINT('',(0.E0,-4.E-1,5.E-1));
#721=CARTESIAN_POINT('',(-1.536436582911E-1,-3.922584739039E-1,
4.002646602676E-1));
#722=CARTESIAN_POINT('',(-1.506072063557E-1,-3.955194536015E-1,
3.667043775839E-1));
#723=CARTESIAN_POINT('',(-1.448586418280E-1,-4.014165944444E-1,
3.019985049301E-1));
#724=CARTESIAN_POINT('',(-1.373862828917E-1,-4.085148522452E-1,
2.114540894443E-1));
#725=CARTESIAN_POINT('',(-1.311268991096E-1,-4.140644073627E-1,
1.274303784689E-1));
#726=CARTESIAN_POINT('',(-1.260398402969E-1,-4.183214338123E-1,
4.971815654116E-2));
#727=CARTESIAN_POINT('',(-1.220217374433E-1,-4.215309574873E-1,
-2.201370110883E-2));
#728=CARTESIAN_POINT('',(-1.188701506190E-1,-4.239370037572E-1,
-8.810228223420E-2));
#729=CARTESIAN_POINT('',(-1.164411753237E-1,-4.257387982321E-1,
-1.490447710122E-1));
#730=CARTESIAN_POINT('',(-1.146045249173E-1,-4.270782930804E-1,
-2.053113480467E-1));
#731=CARTESIAN_POINT('',(-1.132548662421E-1,-4.280618449345E-1,
-2.574057540535E-1));
#732=CARTESIAN_POINT('',(-1.122978909136E-1,-4.287681334060E-1,
-3.057555811311E-1));
#733=CARTESIAN_POINT('',(-1.116579038031E-1,-4.292582096637E-1,
-3.507371527117E-1));
#734=CARTESIAN_POINT('',(-1.112681299007E-1,-4.295825694566E-1,
-3.933763185291E-1));
#735=CARTESIAN_POINT('',(-1.110823103065E-1,-4.297776129041E-1,
-4.357643686958E-1));
#736=CARTESIAN_POINT('',(-1.110971650760E-1,-4.298249995064E-1,
-4.660051981528E-1));
#737=CARTESIAN_POINT('',(-1.111455027408E-1,-4.298240436544E-1,
-4.814757495261E-1));
#739=DIRECTION('',(-9.535577070194E-1,-2.558713188403E-1,1.589262960582E-1));
#740=VECTOR('',#739,3.029553928402E0);
#741=CARTESIAN_POINT('',(-1.111455027408E-1,-4.298240436544E-1,
-4.814757495261E-1));
#742=LINE('',#741,#740);
#743=CARTESIAN_POINT('',(-3.E0,-1.205000002813E0,3.502339680468E-8));
#744=CARTESIAN_POINT('',(-3.E0,-1.205000002813E0,1.489784028349E-1));
#745=CARTESIAN_POINT('',(-3.E0,-1.148198987522E0,4.607979823558E-1));
#746=CARTESIAN_POINT('',(-3.E0,-8.758462629416E-1,8.758462644937E-1));
#747=CARTESIAN_POINT('',(-3.E0,-4.607979886897E-1,1.148198987648E0));
#748=CARTESIAN_POINT('',(-3.E0,-1.489783890903E-1,1.205000001484E0));
#749=CARTESIAN_POINT('',(-3.E0,-2.127882653103E-8,1.205000001484E0));
#751=CARTESIAN_POINT('',(-3.E0,0.E0,0.E0));
#752=DIRECTION('',(0.E0,0.E0,1.E0));
#753=DIRECTION('',(0.E0,1.E0,0.E0));
#754=AXIS2_PLACEMENT_3D('',#751,#752,#753);
#756=CARTESIAN_POINT('',(-3.E0,0.E0,0.E0));
#757=DIRECTION('',(0.E0,0.E0,-1.E0));
#758=DIRECTION('',(0.E0,-1.E0,0.E0));
#759=AXIS2_PLACEMENT_3D('',#756,#757,#758);
#761=CARTESIAN_POINT('',(-3.E0,0.E0,0.E0));
#762=DIRECTION('',(-1.E0,0.E0,0.E0));
#763=DIRECTION('',(0.E0,1.E0,0.E0));
#764=AXIS2_PLACEMENT_3D('',#761,#762,#763);
#766=CARTESIAN_POINT('',(-3.E0,0.E0,0.E0));
#767=DIRECTION('',(1.E0,0.E0,0.E0));
#768=DIRECTION('',(0.E0,1.E0,0.E0));
#769=AXIS2_PLACEMENT_3D('',#766,#767,#768);
#771=CARTESIAN_POINT('',(3.575E1,0.E0,5.E-1));
#772=DIRECTION('',(1.E0,0.E0,0.E0));
#773=DIRECTION('',(0.E0,0.E0,1.E0));
#774=AXIS2_PLACEMENT_3D('',#771,#772,#773);
#776=CARTESIAN_POINT('',(3.575E1,0.E0,5.E-1));
#777=DIRECTION('',(1.E0,0.E0,0.E0));
#778=DIRECTION('',(0.E0,0.E0,-1.E0));
#779=AXIS2_PLACEMENT_3D('',#776,#777,#778);
#781=DIRECTION('',(1.E0,0.E0,0.E0));
#782=VECTOR('',#781,6.E0);
#783=CARTESIAN_POINT('',(3.575E1,0.E0,3.75E-1));
#784=LINE('',#783,#782);
#785=DIRECTION('',(-1.E0,0.E0,0.E0));
#786=VECTOR('',#785,6.E0);
#787=CARTESIAN_POINT('',(4.175E1,0.E0,6.25E-1));
#788=LINE('',#787,#786);
#789=CARTESIAN_POINT('',(4.175E1,0.E0,5.E-1));
#790=DIRECTION('',(1.E0,0.E0,0.E0));
#791=DIRECTION('',(0.E0,0.E0,1.E0));
#792=AXIS2_PLACEMENT_3D('',#789,#790,#791);
#794=CARTESIAN_POINT('',(4.175E1,0.E0,5.E-1));
#795=DIRECTION('',(1.E0,0.E0,0.E0));
#796=DIRECTION('',(0.E0,0.E0,-1.E0));
#797=AXIS2_PLACEMENT_3D('',#794,#795,#796);
#799=CARTESIAN_POINT('',(3.575E1,0.E0,-5.E-1));
#800=DIRECTION('',(-1.E0,0.E0,0.E0));
#801=DIRECTION('',(0.E0,0.E0,-1.E0));
#802=AXIS2_PLACEMENT_3D('',#799,#800,#801);
#804=CARTESIAN_POINT('',(3.575E1,0.E0,-5.E-1));
#805=DIRECTION('',(-1.E0,0.E0,0.E0));
#806=DIRECTION('',(0.E0,0.E0,1.E0));
#807=AXIS2_PLACEMENT_3D('',#804,#805,#806);
#809=DIRECTION('',(1.E0,0.E0,0.E0));
#810=VECTOR('',#809,6.E0);
#811=CARTESIAN_POINT('',(3.575E1,0.E0,-6.25E-1));
#812=LINE('',#811,#810);
#813=DIRECTION('',(-1.E0,0.E0,0.E0));
#814=VECTOR('',#813,6.E0);
#815=CARTESIAN_POINT('',(4.175E1,0.E0,-3.75E-1));
#816=LINE('',#815,#814);
#817=CARTESIAN_POINT('',(4.175E1,0.E0,-5.E-1));
#818=DIRECTION('',(-1.E0,0.E0,0.E0));
#819=DIRECTION('',(0.E0,0.E0,-1.E0));
#820=AXIS2_PLACEMENT_3D('',#817,#818,#819);
#822=CARTESIAN_POINT('',(4.175E1,0.E0,-5.E-1));
#823=DIRECTION('',(-1.E0,0.E0,0.E0));
#824=DIRECTION('',(0.E0,0.E0,1.E0));
#825=AXIS2_PLACEMENT_3D('',#822,#823,#824);
#827=CARTESIAN_POINT('',(-3.E0,1.25E0,0.E0));
#828=CARTESIAN_POINT('',(-4.25E0,0.E0,0.E0));
#829=VERTEX_POINT('',#827);
#830=VERTEX_POINT('',#828);
#831=CARTESIAN_POINT('',(-3.E0,-1.25E0,0.E0));
#832=VERTEX_POINT('',#831);
#833=CARTESIAN_POINT('',(0.E0,0.E0,9.E-1));
#834=CARTESIAN_POINT('',(4.956439987197E-1,3.416026040867E-13,
8.999999997971E-1));
#835=VERTEX_POINT('',#833);
#836=VERTEX_POINT('',#834);
#837=CARTESIAN_POINT('',(0.E0,0.E0,-9.E-1));
#838=CARTESIAN_POINT('',(4.956439983214E-1,-3.796762014350E-13,
-8.999999997971E-1));
#839=VERTEX_POINT('',#837);
#840=VERTEX_POINT('',#838);
#841=CARTESIAN_POINT('',(-1.111455027408E-1,4.298240436545E-1,
4.814757495261E-1));
#842=CARTESIAN_POINT('',(-3.E0,1.205000002813E0,-3.502339623873E-8));
#843=VERTEX_POINT('',#841);
#844=VERTEX_POINT('',#842);
#845=CARTESIAN_POINT('',(0.E0,-4.E-1,5.E-1));
#846=CARTESIAN_POINT('',(-3.E0,-2.127882653413E-8,1.205000001484E0));
#847=VERTEX_POINT('',#845);
#848=VERTEX_POINT('',#846);
#849=CARTESIAN_POINT('',(0.E0,4.E-1,-5.E-1));
#850=CARTESIAN_POINT('',(-3.E0,2.127882675618E-8,-1.205000001484E0));
#851=VERTEX_POINT('',#849);
#852=VERTEX_POINT('',#850);
#853=CARTESIAN_POINT('',(-1.111455027408E-1,-4.298240436544E-1,
-4.814757495261E-1));
#854=CARTESIAN_POINT('',(-3.E0,-1.205000002813E0,3.502339679384E-8));
#855=VERTEX_POINT('',#853);
#856=VERTEX_POINT('',#854);
#857=CARTESIAN_POINT('',(-3.092184841513E-11,2.767848608289E-1,
8.359858713412E-2));
#858=CARTESIAN_POINT('',(9.999999999500E-2,2.214281584923E-1,
1.668790450334E-1));
#859=VERTEX_POINT('',#857);
#860=VERTEX_POINT('',#858);
#861=CARTESIAN_POINT('',(-1.658408133043E-11,-2.767843034261E-1,
-8.359821664710E-2));
#862=CARTESIAN_POINT('',(9.999999999915E-2,-2.214275548280E-1,
-1.668786437855E-1));
#863=VERTEX_POINT('',#861);
#864=VERTEX_POINT('',#862);
#865=VERTEX_POINT('',#564);
#866=VERTEX_POINT('',#589);
#867=CARTESIAN_POINT('',(1.E-1,2.144548366859E-1,-1.623476299179E-1));
#868=CARTESIAN_POINT('',(1.E-1,0.E0,-1.E-1));
#869=VERTEX_POINT('',#867);
#870=VERTEX_POINT('',#868);
#871=VERTEX_POINT('',#400);
#872=VERTEX_POINT('',#418);
#873=VERTEX_POINT('',#368);
#874=VERTEX_POINT('',#462);
#875=VERTEX_POINT('',#429);
#876=CARTESIAN_POINT('',(1.E-1,-2.144548370526E-1,1.623476301508E-1));
#877=CARTESIAN_POINT('',(1.E-1,0.E0,1.E-1));
#878=VERTEX_POINT('',#876);
#879=VERTEX_POINT('',#877);
#880=VERTEX_POINT('',#333);
#881=VERTEX_POINT('',#351);
#882=VERTEX_POINT('',#283);
#883=CARTESIAN_POINT('',(4.956439987197E-1,-3.415194406979E-13,
1.000000002029E-1));
#884=VERTEX_POINT('',#883);
#885=CARTESIAN_POINT('',(4.956439983214E-1,3.797583890419E-13,
-1.000000002029E-1));
#886=VERTEX_POINT('',#885);
#887=VERTEX_POINT('',#599);
#888=CARTESIAN_POINT('',(4.175E1,0.E0,6.25E-1));
#889=CARTESIAN_POINT('',(4.175E1,0.E0,3.75E-1));
#890=VERTEX_POINT('',#888);
#891=VERTEX_POINT('',#889);
#892=CARTESIAN_POINT('',(4.175E1,0.E0,-6.25E-1));
#893=CARTESIAN_POINT('',(4.175E1,0.E0,-3.75E-1));
#894=VERTEX_POINT('',#892);
#895=VERTEX_POINT('',#893);
#896=VERTEX_POINT('',#683);
#897=CARTESIAN_POINT('',(0.E0,0.E0,0.E0));
#898=VERTEX_POINT('',#897);
#899=CARTESIAN_POINT('',(3.575E1,0.E0,6.75E-1));
#900=CARTESIAN_POINT('',(3.575E1,0.E0,3.25E-1));
#901=VERTEX_POINT('',#899);
#902=VERTEX_POINT('',#900);
#903=CARTESIAN_POINT('',(3.575E1,0.E0,-3.25E-1));
#904=CARTESIAN_POINT('',(3.575E1,0.E0,-6.75E-1));
#905=VERTEX_POINT('',#903);
#906=VERTEX_POINT('',#904);
#907=CARTESIAN_POINT('',(3.575E1,0.E0,6.25E-1));
#908=CARTESIAN_POINT('',(3.575E1,0.E0,3.75E-1));
#909=VERTEX_POINT('',#907);
#910=VERTEX_POINT('',#908);
#911=CARTESIAN_POINT('',(3.575E1,0.E0,-6.25E-1));
#912=CARTESIAN_POINT('',(3.575E1,0.E0,-3.75E-1));
#913=VERTEX_POINT('',#911);
#914=VERTEX_POINT('',#912);
#915=CARTESIAN_POINT('',(9.640188721654E-1,0.E0,3.25E-1));
#916=CARTESIAN_POINT('',(9.640188721654E-1,0.E0,6.75E-1));
#917=VERTEX_POINT('',#915);
#918=VERTEX_POINT('',#916);
#919=CARTESIAN_POINT('',(9.640188713688E-1,0.E0,-6.75E-1));
#920=CARTESIAN_POINT('',(9.640188713688E-1,0.E0,-3.25E-1));
#921=VERTEX_POINT('',#919);
#922=VERTEX_POINT('',#920);
#923=CARTESIAN_POINT('',(0.E0,0.E0,0.E0));
#924=DIRECTION('',(-1.E0,0.E0,0.E0));
#925=DIRECTION('',(0.E0,-1.E0,0.E0));
#926=AXIS2_PLACEMENT_3D('',#923,#924,#925);
#927=PLANE('',#926);
#929=ORIENTED_EDGE('',*,*,#928,.T.);
#931=ORIENTED_EDGE('',*,*,#930,.T.);
#933=ORIENTED_EDGE('',*,*,#932,.F.);
#934=EDGE_LOOP('',(#929,#931,#933));
#935=FACE_OUTER_BOUND('',#934,.F.);
#936=ADVANCED_FACE('',(#935),#927,.F.);
#937=FILL_AREA_STYLE_COLOUR('',#1);
#938=FILL_AREA_STYLE('',(#937));
#939=SURFACE_STYLE_FILL_AREA(#938);
#940=SURFACE_SIDE_STYLE('',(#939));
#941=SURFACE_STYLE_USAGE(.POSITIVE.,#940);
#942=PRESENTATION_STYLE_ASSIGNMENT((#941));
#943=STYLED_ITEM('',(#942),#936);
#944=CARTESIAN_POINT('',(0.E0,0.E0,0.E0));
#945=DIRECTION('',(-1.E0,0.E0,0.E0));
#946=DIRECTION('',(0.E0,-1.E0,0.E0));
#947=AXIS2_PLACEMENT_3D('',#944,#945,#946);
#948=PLANE('',#947);
#950=ORIENTED_EDGE('',*,*,#949,.T.);
#952=ORIENTED_EDGE('',*,*,#951,.T.);
#954=ORIENTED_EDGE('',*,*,#953,.F.);
#955=EDGE_LOOP('',(#950,#952,#954));
#956=FACE_OUTER_BOUND('',#955,.F.);
#957=ADVANCED_FACE('',(#956),#948,.F.);
#958=FILL_AREA_STYLE_COLOUR('',#1);
#959=FILL_AREA_STYLE('',(#958));
#960=SURFACE_STYLE_FILL_AREA(#959);
#961=SURFACE_SIDE_STYLE('',(#960));
#962=SURFACE_STYLE_USAGE(.POSITIVE.,#961);
#963=PRESENTATION_STYLE_ASSIGNMENT((#962));
#964=STYLED_ITEM('',(#963),#957);
#965=CARTESIAN_POINT('',(1.E-1,0.E0,5.E-1));
#966=DIRECTION('',(1.E0,0.E0,0.E0));
#967=DIRECTION('',(0.E0,-9.112324201865E-1,-4.118925544375E-1));
#968=AXIS2_PLACEMENT_3D('',#965,#966,#967);
#969=TOROIDAL_SURFACE('',#968,5.E-1,1.E-1);
#971=ORIENTED_EDGE('',*,*,#970,.T.);
#973=ORIENTED_EDGE('',*,*,#972,.T.);
#975=ORIENTED_EDGE('',*,*,#974,.F.);
#976=ORIENTED_EDGE('',*,*,#951,.F.);
#977=ORIENTED_EDGE('',*,*,#928,.F.);
#979=ORIENTED_EDGE('',*,*,#978,.T.);
#980=EDGE_LOOP('',(#971,#973,#975,#976,#977,#979));
#981=FACE_OUTER_BOUND('',#980,.F.);
#982=ADVANCED_FACE('',(#981),#969,.F.);
#983=FILL_AREA_STYLE_COLOUR('',#1);
#984=FILL_AREA_STYLE('',(#983));
#985=SURFACE_STYLE_FILL_AREA(#984);
#986=SURFACE_SIDE_STYLE('',(#985));
#987=SURFACE_STYLE_USAGE(.POSITIVE.,#986);
#988=PRESENTATION_STYLE_ASSIGNMENT((#987));
#989=STYLED_ITEM('',(#988),#982);
#990=CARTESIAN_POINT('',(0.E0,0.E0,5.E-1));
#991=DIRECTION('',(1.E0,0.E0,0.E0));
#992=DIRECTION('',(0.E0,0.E0,-1.E0));
#993=AXIS2_PLACEMENT_3D('',#990,#991,#992);
#994=CYLINDRICAL_SURFACE('',#993,4.E-1);
#995=ORIENTED_EDGE('',*,*,#970,.F.);
#997=ORIENTED_EDGE('',*,*,#996,.F.);
#999=ORIENTED_EDGE('',*,*,#998,.T.);
#1001=ORIENTED_EDGE('',*,*,#1000,.F.);
#1003=ORIENTED_EDGE('',*,*,#1002,.T.);
#1005=ORIENTED_EDGE('',*,*,#1004,.T.);
#1007=ORIENTED_EDGE('',*,*,#1006,.F.);
#1008=EDGE_LOOP('',(#995,#997,#999,#1001,#1003,#1005,#1007));
#1009=FACE_OUTER_BOUND('',#1008,.F.);
#1010=ADVANCED_FACE('',(#1009),#994,.T.);
#1011=FILL_AREA_STYLE_COLOUR('',#1);
#1012=FILL_AREA_STYLE('',(#1011));
#1013=SURFACE_STYLE_FILL_AREA(#1012);
#1014=SURFACE_SIDE_STYLE('',(#1013));
#1015=SURFACE_STYLE_USAGE(.POSITIVE.,#1014);
#1016=PRESENTATION_STYLE_ASSIGNMENT((#1015));
#1017=STYLED_ITEM('',(#1016),#1010);
#1018=CARTESIAN_POINT('',(-1.570843693857E-1,-4.000644326687E-1,
3.678922985067E-1));
#1019=CARTESIAN_POINT('',(-1.565737509336E-1,-4.000167115201E-1,
3.683154244968E-1));
#1020=CARTESIAN_POINT('',(-1.549112882333E-1,-3.998557355138E-1,
3.696216631603E-1));
#1021=CARTESIAN_POINT('',(-1.523366606234E-1,-3.995943132149E-1,
3.711968594252E-1));
#1022=CARTESIAN_POINT('',(-1.496187581952E-1,-3.994628776228E-1,
3.717907636373E-1));
#1023=CARTESIAN_POINT('',(-1.464456645839E-1,-3.997045988914E-1,
3.706656243327E-1));
#1024=CARTESIAN_POINT('',(-1.416330391308E-1,-4.002124313382E-1,
3.670323038278E-1));
#1025=CARTESIAN_POINT('',(-1.350571854229E-1,-4.006807413310E-1,
3.603383699333E-1));
#1026=CARTESIAN_POINT('',(-1.270808335166E-1,-4.008731728343E-1,
3.505398705605E-1));
#1027=CARTESIAN_POINT('',(-1.179631191539E-1,-4.006033639399E-1,
3.377290339261E-1));
#1028=CARTESIAN_POINT('',(-1.078390654106E-1,-3.996804629417E-1,
3.219881652665E-1));
#1029=CARTESIAN_POINT('',(-9.676443908786E-2,-3.978747578808E-1,
3.033486820110E-1));
#1030=CARTESIAN_POINT('',(-8.477272090802E-2,-3.948938522137E-1,
2.818146116210E-1));
#1031=CARTESIAN_POINT('',(-7.191367259761E-2,-3.903636852459E-1,
2.573866382897E-1));
#1032=CARTESIAN_POINT('',(-5.826225913941E-2,-3.837909226707E-1,
2.300342912944E-1));
#1033=CARTESIAN_POINT('',(-4.393826903817E-2,-3.744898149693E-1,
1.996514272659E-1));
#1034=CARTESIAN_POINT('',(-2.922754561538E-2,-3.614975932937E-1,
1.661702330052E-1));
#1035=CARTESIAN_POINT('',(-1.476771166899E-2,-3.434384210639E-1,
1.296749963988E-1));
#1036=CARTESIAN_POINT('',(-1.860678167508E-3,-3.183089168662E-1,
9.049785937252E-2));
#1037=CARTESIAN_POINT('',(4.387130908743E-3,-2.921062203613E-1,
6.019526395764E-2));
#1038=CARTESIAN_POINT('',(5.072289248103E-3,-2.744186290379E-1,
4.400469694994E-2));
#1039=CARTESIAN_POINT('',(4.998723724013E-3,-2.694962035287E-1,
3.979571889586E-2));
#1040=CARTESIAN_POINT('',(-1.923253770654E-1,-3.527183863076E-1,
4.653067049179E-1));
#1041=CARTESIAN_POINT('',(-1.903592104121E-1,-3.530195996905E-1,
4.664259915924E-1));
#1042=CARTESIAN_POINT('',(-1.834165727948E-1,-3.539897886889E-1,
4.700486149265E-1));
#1043=CARTESIAN_POINT('',(-1.689803459650E-1,-3.553691761274E-1,
4.753079141746E-1));
#1044=CARTESIAN_POINT('',(-1.466872559709E-1,-3.559969355537E-1,
4.777498458409E-1));
#1045=CARTESIAN_POINT('',(-1.223711027986E-1,-3.548318270560E-1,
4.732264583417E-1));
#1046=CARTESIAN_POINT('',(-1.013007937544E-1,-3.519573986524E-1,
4.624073707869E-1));
#1047=CARTESIAN_POINT('',(-8.484764742778E-2,-3.480258400066E-1,
4.481939941456E-1));
#1048=CARTESIAN_POINT('',(-7.188146678867E-2,-3.434029402290E-1,
4.320511262824E-1));
#1049=CARTESIAN_POINT('',(-6.121949429998E-2,-3.381732278640E-1,
4.143403143399E-1));
#1050=CARTESIAN_POINT('',(-5.208005780521E-2,-3.322850552600E-1,
3.950218065793E-1));
#1051=CARTESIAN_POINT('',(-4.402539414256E-2,-3.256200983381E-1,
3.739499608646E-1));
#1052=CARTESIAN_POINT('',(-3.685672355982E-2,-3.180274943058E-1,
3.509954091138E-1));
#1053=CARTESIAN_POINT('',(-3.055202307960E-2,-3.093405372597E-1,
3.260921099711E-1));
#1054=CARTESIAN_POINT('',(-2.522274083631E-2,-2.993707294488E-1,
2.992133602053E-1));
#1055=CARTESIAN_POINT('',(-2.111716335838E-2,-2.878959390519E-1,
2.703411126035E-1));
#1056=CARTESIAN_POINT('',(-1.866489454205E-2,-2.747053602081E-1,
2.395939005753E-1));
#1057=CARTESIAN_POINT('',(-1.852015953245E-2,-2.596645849324E-1,
2.073526165278E-1));
#1058=CARTESIAN_POINT('',(-2.158761947938E-2,-2.427798925332E-1,
1.743416701640E-1));
#1059=CARTESIAN_POINT('',(-2.712336163457E-2,-2.290932256338E-1,
1.502995493232E-1));
#1060=CARTESIAN_POINT('',(-3.151105178666E-2,-2.212963621858E-1,
1.379354144056E-1));
#1061=CARTESIAN_POINT('',(-3.277273203228E-2,-2.192126160191E-1,
1.347588798674E-1));
#1062=CARTESIAN_POINT('',(-2.271242243196E-1,-4.346509294664E-1,
5.363639236769E-1));
#1063=CARTESIAN_POINT('',(-2.235518687370E-1,-4.352491773424E-1,
5.379273184956E-1));
#1064=CARTESIAN_POINT('',(-2.109296847480E-1,-4.371740037378E-1,
5.430255131283E-1));
#1065=CARTESIAN_POINT('',(-1.846333802955E-1,-4.399003706972E-1,
5.506212683920E-1));
#1066=CARTESIAN_POINT('',(-1.439537309109E-1,-4.411365178277E-1,
5.542312705443E-1));
#1067=CARTESIAN_POINT('',(-9.959434965742E-2,-4.388413818863E-1,
5.475593162729E-1));
#1068=CARTESIAN_POINT('',(-6.127383973528E-2,-4.331470352767E-1,
5.321716510885E-1));
#1069=CARTESIAN_POINT('',(-3.151110996881E-2,-4.252962754608E-1,
5.131163155434E-1));
#1070=CARTESIAN_POINT('',(-8.215297184285E-3,-4.160031305399E-1,
4.927941978254E-1));
#1071=CARTESIAN_POINT('',(1.079483476820E-2,-4.054505133729E-1,
4.717275163718E-1));
#1072=CARTESIAN_POINT('',(2.695877806676E-2,-3.935653632862E-1,
4.497916248876E-1));
#1073=CARTESIAN_POINT('',(4.108156697190E-2,-3.801516481423E-1,
4.267204938931E-1));
#1074=CARTESIAN_POINT('',(5.352921736087E-2,-3.649586174699E-1,
4.022877897039E-1));
#1075=CARTESIAN_POINT('',(6.434490504182E-2,-3.477145948503E-1,
3.763722641533E-1));
#1076=CARTESIAN_POINT('',(7.332875851831E-2,-3.281170066739E-1,
3.489334302731E-1));
#1077=CARTESIAN_POINT('',(8.003280889197E-2,-3.058123125643E-1,
3.199949135396E-1));
#1078=CARTESIAN_POINT('',(8.368644193185E-2,-2.804903628775E-1,
2.897756103162E-1));
#1079=CARTESIAN_POINT('',(8.312763753604E-2,-2.520187916464E-1,
2.588236939640E-1));
#1080=CARTESIAN_POINT('',(7.677349294711E-2,-2.205743555440E-1,
2.280930424112E-1));
#1081=CARTESIAN_POINT('',(6.627760792414E-2,-1.956144077241E-1,
2.066281093843E-1));
#1082=CARTESIAN_POINT('',(5.820158431240E-2,-1.816433780994E-1,
1.958668436217E-1));
#1083=CARTESIAN_POINT('',(5.589474173793E-2,-1.779288841930E-1,
1.931236392181E-1));
#1084=CARTESIAN_POINT('',(-2.147859174E-1,-5.359205010748E-1,
4.857154979375E-1));
#1085=CARTESIAN_POINT('',(-2.116120041858E-1,-5.363653063004E-1,
4.868750197978E-1));
#1086=CARTESIAN_POINT('',(-2.005320278744E-1,-5.377872578893E-1,
4.906279702019E-1));
#1087=CARTESIAN_POINT('',(-1.782916672763E-1,-5.397593234680E-1,
4.960773502288E-1));
#1088=CARTESIAN_POINT('',(-1.450861762293E-1,-5.406366831407E-1,
4.986080851279E-1));
#1089=CARTESIAN_POINT('',(-1.086784964537E-1,-5.390046546173E-1,
4.939203097431E-1));
#1090=CARTESIAN_POINT('',(-7.526253000638E-2,-5.348366527018E-1,
4.827116233209E-1));
#1091=CARTESIAN_POINT('',(-4.661745192744E-2,-5.288063573573E-1,
4.679890176107E-1));
#1092=CARTESIAN_POINT('',(-2.151306813966E-2,-5.212548434246E-1,
4.512607143739E-1));
#1093=CARTESIAN_POINT('',(1.447108319960E-3,-5.121588844924E-1,
4.328853581936E-1));
#1094=CARTESIAN_POINT('',(2.321881560919E-2,-5.012921229512E-1,
4.128044867892E-1));
#1095=CARTESIAN_POINT('',(4.435527580477E-2,-4.882959955828E-1,
3.908498978716E-1));
#1096=CARTESIAN_POINT('',(6.510030999336E-2,-4.727124775504E-1,
3.668648358360E-1));
#1097=CARTESIAN_POINT('',(8.543923091720E-2,-4.539934517838E-1,
3.407584439567E-1));
#1098=CARTESIAN_POINT('',(1.051504548037E-1,-4.314564296176E-1,
3.124773960713E-1));
#1099=CARTESIAN_POINT('',(1.237830907478E-1,-4.041977670437E-1,
2.819846481879E-1));
#1100=CARTESIAN_POINT('',(1.404858507148E-1,-3.710899687784E-1,
2.493788034761E-1));
#1101=CARTESIAN_POINT('',(1.537791140422E-1,-3.307605842040E-1,
2.150215259646E-1));
#1102=CARTESIAN_POINT('',(1.612363465692E-1,-2.814889081628E-1,
1.796254492579E-1));
#1103=CARTESIAN_POINT('',(1.592595176351E-1,-2.365934729139E-1,
1.535962059257E-1));
#1104=CARTESIAN_POINT('',(1.538288828661E-1,-2.086682164320E-1,
1.400634290119E-1));
#1105=CARTESIAN_POINT('',(1.520222862488E-1,-2.010417740823E-1,
1.365729753212E-1));
#1106=(BOUNDED_SURFACE()B_SPLINE_SURFACE(3,3,((#1018,#1019,#1020,#1021,#1022,
#1023,#1024,#1025,#1026,#1027,#1028,#1029,#1030,#1031,#1032,#1033,#1034,#1035,
#1036,#1037,#1038,#1039),(#1040,#1041,#1042,#1043,#1044,#1045,#1046,#1047,#1048,
#1049,#1050,#1051,#1052,#1053,#1054,#1055,#1056,#1057,#1058,#1059,#1060,#1061),(
#1062,#1063,#1064,#1065,#1066,#1067,#1068,#1069,#1070,#1071,#1072,#1073,#1074,
#1075,#1076,#1077,#1078,#1079,#1080,#1081,#1082,#1083),(#1084,#1085,#1086,#1087,
#1088,#1089,#1090,#1091,#1092,#1093,#1094,#1095,#1096,#1097,#1098,#1099,#1100,
#1101,#1102,#1103,#1104,#1105)),.UNSPECIFIED.,.F.,.F.,.F.)B_SPLINE_SURFACE_WITH_KNOTS((4,4),(4,1,1,1,1,1,1,1,1,1,1,1,1,1,1,1,1,1,1,4),(0.E0,1.E0),(
4.882516176541E-1,4.930861188220E-1,5.045849686242E-1,5.176960096073E-1,
5.324057549146E-1,5.484374831952E-1,5.658902865012E-1,5.851533206491E-1,
6.065285729952E-1,6.302779194651E-1,6.566862202039E-1,6.859910635100E-1,
7.183724581924E-1,7.540343797153E-1,7.933586326369E-1,8.369515458092E-1,
8.852773125292E-1,9.390197387552E-1,1.E0,1.022793780359E0),.UNSPECIFIED.)GEOMETRIC_REPRESENTATION_ITEM()RATIONAL_B_SPLINE_SURFACE(((1.504808586089E0,
1.504808586089E0,1.504808586089E0,1.504808586089E0,1.504808586089E0,
1.504808586089E0,1.504808586089E0,1.504808586089E0,1.504808586089E0,
1.504808586089E0,1.504808586089E0,1.504808586089E0,1.504808586089E0,
1.504808586089E0,1.504808586089E0,1.504808586089E0,1.504808586089E0,
1.504808586089E0,1.504808586089E0,1.504808586089E0,1.504808586089E0,
1.504808586089E0),(8.317304713037E-1,8.317304713037E-1,8.317304713037E-1,
8.317304713037E-1,8.317304713037E-1,8.317304713037E-1,8.317304713037E-1,
8.317304713037E-1,8.317304713037E-1,8.317304713037E-1,8.317304713037E-1,
8.317304713037E-1,8.317304713037E-1,8.317304713037E-1,8.317304713037E-1,
8.317304713037E-1,8.317304713037E-1,8.317304713037E-1,8.317304713037E-1,
8.317304713037E-1,8.317304713037E-1,8.317304713037E-1),(8.317304713037E-1,
8.317304713037E-1,8.317304713037E-1,8.317304713037E-1,8.317304713037E-1,
8.317304713037E-1,8.317304713037E-1,8.317304713037E-1,8.317304713037E-1,
8.317304713037E-1,8.317304713037E-1,8.317304713037E-1,8.317304713037E-1,
8.317304713037E-1,8.317304713037E-1,8.317304713037E-1,8.317304713037E-1,
8.317304713037E-1,8.317304713037E-1,8.317304713037E-1,8.317304713037E-1,
8.317304713037E-1),(1.504808586089E0,1.504808586089E0,1.504808586089E0,
1.504808586089E0,1.504808586089E0,1.504808586089E0,1.504808586089E0,
1.504808586089E0,1.504808586089E0,1.504808586089E0,1.504808586089E0,
1.504808586089E0,1.504808586089E0,1.504808586089E0,1.504808586089E0,
1.504808586089E0,1.504808586089E0,1.504808586089E0,1.504808586089E0,
1.504808586089E0,1.504808586089E0,1.504808586089E0)))REPRESENTATION_ITEM('')SURFACE());
#1108=ORIENTED_EDGE('',*,*,#1107,.F.);
#1110=ORIENTED_EDGE('',*,*,#1109,.T.);
#1111=ORIENTED_EDGE('',*,*,#996,.T.);
#1112=ORIENTED_EDGE('',*,*,#978,.F.);
#1113=EDGE_LOOP('',(#1108,#1110,#1111,#1112));
#1114=FACE_OUTER_BOUND('',#1113,.F.);
#1115=ADVANCED_FACE('',(#1114),#1106,.F.);
#1116=FILL_AREA_STYLE_COLOUR('',#1);
#1117=FILL_AREA_STYLE('',(#1116));
#1118=SURFACE_STYLE_FILL_AREA(#1117);
#1119=SURFACE_SIDE_STYLE('',(#1118));
#1120=SURFACE_STYLE_USAGE(.POSITIVE.,#1119);
#1121=PRESENTATION_STYLE_ASSIGNMENT((#1120));
#1122=STYLED_ITEM('',(#1121),#1115);
#1123=CARTESIAN_POINT('',(-1.184178555865E-2,-1.819612061787E-1,
4.104217947623E-1));
#1124=CARTESIAN_POINT('',(-1.184178555865E-2,-1.842438036992E-1,
3.867819084410E-1));
#1125=CARTESIAN_POINT('',(-1.184178555865E-2,-1.896877691367E-1,
3.293861805057E-1));
#1126=CARTESIAN_POINT('',(-1.184178555865E-2,-1.975053532916E-1,
2.410825285545E-1));
#1127=CARTESIAN_POINT('',(-1.184178555865E-2,-2.048342773600E-1,
1.479903801145E-1));
#1128=CARTESIAN_POINT('',(-1.184178555865E-2,-2.106586122391E-1,
6.258240202322E-2));
#1129=CARTESIAN_POINT('',(-1.184178555865E-2,-2.151544148758E-1,
-1.562456719981E-2));
#1130=CARTESIAN_POINT('',(-1.184178555865E-2,-2.185721124192E-1,
-8.730161451561E-2));
#1131=CARTESIAN_POINT('',(-1.184178555865E-2,-2.211445583395E-1,
-1.529771666584E-1));
#1132=CARTESIAN_POINT('',(-1.184178555865E-2,-2.230482672371E-1,
-2.132384260245E-1));
#1133=CARTESIAN_POINT('',(-1.184178555865E-2,-2.244221407709E-1,
-2.686736706424E-1));
#1134=CARTESIAN_POINT('',(-1.184178555865E-2,-2.253799122107E-1,
-3.198935600302E-1));
#1135=CARTESIAN_POINT('',(-1.184178555865E-2,-2.260164111622E-1,
-3.679168251850E-1));
#1136=CARTESIAN_POINT('',(-1.184178555865E-2,-2.264027174796E-1,
-4.146341410559E-1));
#1137=CARTESIAN_POINT('',(-1.184178555865E-2,-2.265671603212E-1,
-4.621867375989E-1));
#1138=CARTESIAN_POINT('',(-1.184178555865E-2,-2.265216861413E-1,
-4.945254414200E-1));
#1139=CARTESIAN_POINT('',(-1.184178555865E-2,-2.264580942430E-1,
-5.111617604833E-1));
#1140=CARTESIAN_POINT('',(5.106728132078E-2,-3.300596667929E-1,
4.247224345240E-1));
#1141=CARTESIAN_POINT('',(5.106728132078E-2,-3.323584702212E-1,
4.009148169144E-1));
#1142=CARTESIAN_POINT('',(5.106728132078E-2,-3.378516565552E-1,
3.430022006655E-1));
#1143=CARTESIAN_POINT('',(5.106728132078E-2,-3.457723021072E-1,
2.535437124560E-1));
#1144=CARTESIAN_POINT('',(5.106728132078E-2,-3.532213868208E-1,
1.589328465532E-1));
#1145=CARTESIAN_POINT('',(5.106728132078E-2,-3.591536406664E-1,
7.194947763634E-2));
#1146=CARTESIAN_POINT('',(5.106728132078E-2,-3.637392467504E-1,
-7.819242907275E-3));
#1147=CARTESIAN_POINT('',(5.106728132078E-2,-3.672209419191E-1,
-8.084313621733E-2));
#1148=CARTESIAN_POINT('',(5.106728132078E-2,-3.698401482505E-1,
-1.477135596732E-1));
#1149=CARTESIAN_POINT('',(5.106728132078E-2,-3.717775299745E-1,
-2.090423153218E-1));
#1150=CARTESIAN_POINT('',(5.106728132078E-2,-3.731751976206E-1,
-2.654391911319E-1));
#1151=CARTESIAN_POINT('',(5.106728132078E-2,-3.741489474002E-1,
-3.175160834417E-1));
#1152=CARTESIAN_POINT('',(5.106728132078E-2,-3.747957292839E-1,
-3.663174779210E-1));
#1153=CARTESIAN_POINT('',(5.106728132078E-2,-3.751880653326E-1,
-4.137675086289E-1));
#1154=CARTESIAN_POINT('',(5.106728132078E-2,-3.753549747435E-1,
-4.620417536932E-1));
#1155=CARTESIAN_POINT('',(5.106728132078E-2,-3.753088132541E-1,
-4.948545035081E-1));
#1156=CARTESIAN_POINT('',(5.106728132078E-2,-3.752443052135E-1,
-5.117304939823E-1));
#1157=CARTESIAN_POINT('',(-6.453760745817E-2,-4.423677920789E-1,
4.355670985087E-1));
#1158=CARTESIAN_POINT('',(-6.453760745817E-2,-4.446788850011E-1,
4.116322845295E-1));
#1159=CARTESIAN_POINT('',(-6.453760745817E-2,-4.502093972234E-1,
3.533276942031E-1));
#1160=CARTESIAN_POINT('',(-6.453760745817E-2,-4.582081977560E-1,
2.629934541820E-1));
#1161=CARTESIAN_POINT('',(-6.453760745817E-2,-4.657484043943E-1,
1.672308929113E-1));
#1162=CARTESIAN_POINT('',(-6.453760745817E-2,-4.717624968814E-1,
7.905285127816E-2));
#1163=CARTESIAN_POINT('',(-6.453760745817E-2,-4.764162039893E-1,
-1.900198678806E-3));
#1164=CARTESIAN_POINT('',(-6.453760745817E-2,-4.799464307449E-1,
-7.594545134692E-2));
#1165=CARTESIAN_POINT('',(-6.453760745817E-2,-4.826010970944E-1,
-1.437219865650E-1));
#1166=CARTESIAN_POINT('',(-6.453760745817E-2,-4.845640140739E-1,
-2.058602611360E-1));
#1167=CARTESIAN_POINT('',(-6.453760745817E-2,-4.859797256087E-1,
-2.629863747515E-1));
#1168=CARTESIAN_POINT('',(-6.453760745817E-2,-4.869655923096E-1,
-3.157131616729E-1));
#1169=CARTESIAN_POINT('',(-6.453760745817E-2,-4.876201720923E-1,
-3.651046382186E-1));
#1170=CARTESIAN_POINT('',(-6.453760745817E-2,-4.880170806922E-1,
-4.131103116345E-1));
#1171=CARTESIAN_POINT('',(-6.453760745817E-2,-4.881858605870E-1,
-4.619318074413E-1));
#1172=CARTESIAN_POINT('',(-6.453760745817E-2,-4.881391778874E-1,
-4.951040425381E-1));
#1173=CARTESIAN_POINT('',(-6.453760745817E-2,-4.880739751047E-1,
-5.121617840362E-1));
#1174=CARTESIAN_POINT('',(-2.117531561694E-1,-3.761716024152E-1,
4.291750816164E-1));
#1175=CARTESIAN_POINT('',(-2.117531561694E-1,-3.784754517149E-1,
4.053152391941E-1));
#1176=CARTESIAN_POINT('',(-2.117531561694E-1,-3.839839634668E-1,
3.472416846036E-1));
#1177=CARTESIAN_POINT('',(-2.117531561694E-1,-3.919366982147E-1,
2.574236265852E-1));
#1178=CARTESIAN_POINT('',(-2.117531561694E-1,-3.994231961459E-1,
1.623398928242E-1));
#1179=CARTESIAN_POINT('',(-2.117531561694E-1,-4.053890516402E-1,
7.486601023128E-2));
#1180=CARTESIAN_POINT('',(-2.117531561694E-1,-4.100026189248E-1,
-5.388977192183E-3));
#1181=CARTESIAN_POINT('',(-2.117531561694E-1,-4.135042403937E-1,
-7.883222446123E-2));
#1182=CARTESIAN_POINT('',(-2.117531561694E-1,-4.161380060463E-1,
-1.460746830405E-1));
#1183=CARTESIAN_POINT('',(-2.117531561694E-1,-4.180858721414E-1,
-2.077358143239E-1));
#1184=CARTESIAN_POINT('',(-2.117531561694E-1,-4.194909483221E-1,
-2.644321036150E-1));
#1185=CARTESIAN_POINT('',(-2.117531561694E-1,-4.204696731174E-1,
-3.167758323484E-1));
#1186=CARTESIAN_POINT('',(-2.117531561694E-1,-4.211196566948E-1,
-3.658195051685E-1));
#1187=CARTESIAN_POINT('',(-2.117531561694E-1,-4.215138701606E-1,
-4.134976739627E-1));
#1188=CARTESIAN_POINT('',(-2.117531561694E-1,-4.216815475625E-1,
-4.619966115053E-1));
#1189=CARTESIAN_POINT('',(-2.117531561694E-1,-4.216351720724E-1,
-4.949569602774E-1));
#1190=CARTESIAN_POINT('',(-2.117531561694E-1,-4.215703787817E-1,
-5.119075748404E-1));
#1191=(BOUNDED_SURFACE()B_SPLINE_SURFACE(3,3,((#1123,#1124,#1125,#1126,#1127,
#1128,#1129,#1130,#1131,#1132,#1133,#1134,#1135,#1136,#1137,#1138,#1139),(#1140,
#1141,#1142,#1143,#1144,#1145,#1146,#1147,#1148,#1149,#1150,#1151,#1152,#1153,
#1154,#1155,#1156),(#1157,#1158,#1159,#1160,#1161,#1162,#1163,#1164,#1165,#1166,
#1167,#1168,#1169,#1170,#1171,#1172,#1173),(#1174,#1175,#1176,#1177,#1178,#1179,
#1180,#1181,#1182,#1183,#1184,#1185,#1186,#1187,#1188,#1189,#1190)),
.UNSPECIFIED.,.F.,.F.,.F.)B_SPLINE_SURFACE_WITH_KNOTS((4,4),(4,1,1,1,1,1,1,1,1,
1,1,1,1,1,4),(0.E0,1.E0),(2.306369091282E-1,2.619765211821E-1,3.068188992234E-1,
3.481081931165E-1,3.859790432796E-1,4.206438412092E-1,4.523539093123E-1,
4.813715466174E-1,5.079658095540E-1,5.324184113954E-1,5.549840198585E-1,
5.759376702689E-1,5.961160498147E-1,6.169217516620E-1,6.389575356782E-1),
.UNSPECIFIED.)GEOMETRIC_REPRESENTATION_ITEM()RATIONAL_B_SPLINE_SURFACE(((
1.465596594009E0,1.465596594009E0,1.465596594009E0,1.465596594009E0,
1.465596594009E0,1.465596594009E0,1.465596594009E0,1.465596594009E0,
1.465596594009E0,1.465596594009E0,1.465596594009E0,1.465596594009E0,
1.465596594009E0,1.465596594009E0,1.465596594009E0,1.465596594009E0,
1.465596594009E0),(8.448011353305E-1,8.448011353305E-1,8.448011353305E-1,
8.448011353305E-1,8.448011353305E-1,8.448011353305E-1,8.448011353305E-1,
8.448011353305E-1,8.448011353305E-1,8.448011353305E-1,8.448011353305E-1,
8.448011353305E-1,8.448011353305E-1,8.448011353305E-1,8.448011353305E-1,
8.448011353305E-1,8.448011353305E-1),(8.448011353305E-1,8.448011353305E-1,
8.448011353305E-1,8.448011353305E-1,8.448011353305E-1,8.448011353305E-1,
8.448011353305E-1,8.448011353305E-1,8.448011353305E-1,8.448011353305E-1,
8.448011353305E-1,8.448011353305E-1,8.448011353305E-1,8.448011353305E-1,
8.448011353305E-1,8.448011353305E-1,8.448011353305E-1),(1.465596594009E0,
1.465596594009E0,1.465596594009E0,1.465596594009E0,1.465596594009E0,
1.465596594009E0,1.465596594009E0,1.465596594009E0,1.465596594009E0,
1.465596594009E0,1.465596594009E0,1.465596594009E0,1.465596594009E0,
1.465596594009E0,1.465596594009E0,1.465596594009E0,1.465596594009E0)))REPRESENTATION_ITEM('')SURFACE());
#1193=ORIENTED_EDGE('',*,*,#1192,.T.);
#1195=ORIENTED_EDGE('',*,*,#1194,.T.);
#1197=ORIENTED_EDGE('',*,*,#1196,.F.);
#1198=ORIENTED_EDGE('',*,*,#1107,.T.);
#1199=ORIENTED_EDGE('',*,*,#932,.T.);
#1200=EDGE_LOOP('',(#1193,#1195,#1197,#1198,#1199));
#1201=FACE_OUTER_BOUND('',#1200,.F.);
#1202=ADVANCED_FACE('',(#1201),#1191,.T.);
#1203=FILL_AREA_STYLE_COLOUR('',#1);
#1204=FILL_AREA_STYLE('',(#1203));
#1205=SURFACE_STYLE_FILL_AREA(#1204);
#1206=SURFACE_SIDE_STYLE('',(#1205));
#1207=SURFACE_STYLE_USAGE(.POSITIVE.,#1206);
#1208=PRESENTATION_STYLE_ASSIGNMENT((#1207));
#1209=STYLED_ITEM('',(#1208),#1202);
#1210=CARTESIAN_POINT('',(1.844556819091E-2,-3.012777982594E-1,
-3.029802004414E-2));
#1211=CARTESIAN_POINT('',(1.815806209147E-2,-3.035597902199E-1,
-3.236239420861E-2));
#1212=CARTESIAN_POINT('',(1.544678430498E-2,-3.222900205295E-1,
-4.973226915912E-2));
#1213=CARTESIAN_POINT('',(6.075269872129E-3,-3.525036097566E-1,
-8.416385342163E-2));
#1214=CARTESIAN_POINT('',(-1.187260754249E-2,-3.843326413444E-1,
-1.343088499964E-1));
#1215=CARTESIAN_POINT('',(-3.041737847218E-2,-4.070949894820E-1,
-1.822751750548E-1));
#1216=CARTESIAN_POINT('',(-4.802254493074E-2,-4.233781926896E-1,
-2.276095702698E-1));
#1217=CARTESIAN_POINT('',(-6.400403811722E-2,-4.350237311464E-1,
-2.703705438452E-1));
#1218=CARTESIAN_POINT('',(-7.807600095227E-2,-4.433277302502E-1,
-3.109435655709E-1));
#1219=CARTESIAN_POINT('',(-9.006573766271E-2,-4.491919504971E-1,
-3.497734318711E-1));
#1220=CARTESIAN_POINT('',(-9.835786201692E-2,-4.526368181507E-1,
-3.817090490287E-1));
#1221=CARTESIAN_POINT('',(-1.024345851989E-1,-4.541753318945E-1,
-4.008506880285E-1));
#1222=CARTESIAN_POINT('',(-1.036579212376E-1,-4.546241182868E-1,
-4.070930083806E-1));
#1223=CARTESIAN_POINT('',(-6.485577414468E-2,-2.404069402161E-1,
-1.302266657209E-1));
#1224=CARTESIAN_POINT('',(-6.444134160027E-2,-2.410724011439E-1,
-1.318897752568E-1));
#1225=CARTESIAN_POINT('',(-6.106261235287E-2,-2.466531272608E-1,
-1.459159517707E-1));
#1226=CARTESIAN_POINT('',(-5.600839491513E-2,-2.574888653309E-1,
-1.741148430672E-1));
#1227=CARTESIAN_POINT('',(-5.197472622399E-2,-2.724680490229E-1,
-2.163236918773E-1));
#1228=CARTESIAN_POINT('',(-5.031048867383E-2,-2.856497716520E-1,
-2.573435237055E-1));
#1229=CARTESIAN_POINT('',(-5.010538154932E-2,-2.968029426489E-1,
-2.962557280910E-1));
#1230=CARTESIAN_POINT('',(-5.065781679898E-2,-3.059580549203E-1,
-3.326316922882E-1));
#1231=CARTESIAN_POINT('',(-5.146106874259E-2,-3.132580025654E-1,
-3.663546600532E-1));
#1232=CARTESIAN_POINT('',(-5.216822047652E-2,-3.188602491438E-1,
-3.973745968955E-1));
#1233=CARTESIAN_POINT('',(-5.252543379455E-2,-3.223214368849E-1,
-4.214756531446E-1));
#1234=CARTESIAN_POINT('',(-5.261834190185E-2,-3.238848024919E-1,
-4.351635867967E-1));
#1235=CARTESIAN_POINT('',(-5.263822903862E-2,-3.243419220585E-1,
-4.395478918960E-1));
#1236=CARTESIAN_POINT('',(3.473067332067E-2,-1.826196576821E-1,
-2.160939203256E-1));
#1237=CARTESIAN_POINT('',(3.580874391212E-2,-1.837932948262E-1,
-2.173277887596E-1));
#1238=CARTESIAN_POINT('',(4.465723712400E-2,-1.937066362888E-1,
-2.277968020720E-1));
#1239=CARTESIAN_POINT('',(5.875243211735E-2,-2.140409611150E-1,
-2.496703530364E-1));
#1240=CARTESIAN_POINT('',(7.169281791488E-2,-2.439885013825E-1,
-2.843544005167E-1));
#1241=CARTESIAN_POINT('',(7.883155087882E-2,-2.713503110047E-1,
-3.191828240784E-1));
#1242=CARTESIAN_POINT('',(8.218636132737E-2,-2.950985718142E-1,
-3.526605552258E-1));
#1243=CARTESIAN_POINT('',(8.339315222698E-2,-3.149552407097E-1,
-3.838190629285E-1));
#1244=CARTESIAN_POINT('',(8.366709765149E-2,-3.310091446929E-1,
-4.120316672795E-1));
#1245=CARTESIAN_POINT('',(8.384386256178E-2,-3.434578681397E-1,
-4.367746230628E-1));
#1246=CARTESIAN_POINT('',(8.429432917298E-2,-3.512088684236E-1,
-4.545356390692E-1));
#1247=CARTESIAN_POINT('',(8.472168451075E-2,-3.547265612969E-1,
-4.637797515870E-1));
#1248=CARTESIAN_POINT('',(8.486981997789E-2,-3.557571153873E-1,
-4.666470124379E-1));
#1249=CARTESIAN_POINT('',(1.547406440752E-1,-2.221895060411E-1,
-1.478168620170E-1));
#1250=CARTESIAN_POINT('',(1.553614000966E-1,-2.251669934001E-1,
-1.492937722239E-1));
#1251=CARTESIAN_POINT('',(1.601360997055E-1,-2.498268873573E-1,
-1.617952756157E-1));
#1252=CARTESIAN_POINT('',(1.631381637401E-1,-2.930403438922E-1,
-1.875699315260E-1));
#1253=CARTESIAN_POINT('',(1.573801145079E-1,-3.453552281964E-1,
-2.274164046132E-1));
#1254=CARTESIAN_POINT('',(1.463277964856E-1,-3.875245948787E-1,
-2.669091021751E-1));
#1255=CARTESIAN_POINT('',(1.330333476446E-1,-4.210455725574E-1,
-3.048058192599E-1));
#1256=CARTESIAN_POINT('',(1.194595501599E-1,-4.473373757347E-1,
-3.404261261389E-1));
#1257=CARTESIAN_POINT('',(1.068618511505E-1,-4.676221330016E-1,
-3.734576056287E-1));
#1258=CARTESIAN_POINT('',(9.608185220226E-2,-4.828565146316E-1,
-4.036967285946E-1));
#1259=CARTESIAN_POINT('',(8.889512722766E-2,-4.921724655593E-1,
-4.269552989455E-1));
#1260=CARTESIAN_POINT('',(8.553044215454E-2,-4.963856924779E-1,
-4.400150768672E-1));
#1261=CARTESIAN_POINT('',(8.453706364660E-2,-4.976192874854E-1,
-4.441811542545E-1));
#1262=(BOUNDED_SURFACE()B_SPLINE_SURFACE(3,3,((#1210,#1211,#1212,#1213,#1214,
#1215,#1216,#1217,#1218,#1219,#1220,#1221,#1222),(#1223,#1224,#1225,#1226,#1227,
#1228,#1229,#1230,#1231,#1232,#1233,#1234,#1235),(#1236,#1237,#1238,#1239,#1240,
#1241,#1242,#1243,#1244,#1245,#1246,#1247,#1248),(#1249,#1250,#1251,#1252,#1253,
#1254,#1255,#1256,#1257,#1258,#1259,#1260,#1261)),.UNSPECIFIED.,.F.,.F.,.F.)B_SPLINE_SURFACE_WITH_KNOTS((4,4),(4,1,1,1,1,1,1,1,1,1,4),(0.E0,1.E0),(
-6.487372956794E-3,0.E0,4.739046575440E-2,9.030740895818E-2,1.293224779720E-1,
1.646241081990E-1,1.967431872481E-1,2.260396984182E-1,2.528197264291E-1,
2.774305667423E-1,2.891175556113E-1),.UNSPECIFIED.)GEOMETRIC_REPRESENTATION_ITEM()RATIONAL_B_SPLINE_SURFACE(((1.688753676866E0,1.688753676866E0,1.688753676866E0,
1.688753676866E0,1.688753676866E0,1.688753676866E0,1.688753676866E0,
1.688753676866E0,1.688753676866E0,1.688753676866E0,1.688753676866E0,
1.688753676866E0,1.688753676866E0),(7.704154410448E-1,7.704154410448E-1,
7.704154410448E-1,7.704154410448E-1,7.704154410448E-1,7.704154410448E-1,
7.704154410448E-1,7.704154410448E-1,7.704154410448E-1,7.704154410448E-1,
7.704154410448E-1,7.704154410448E-1,7.704154410448E-1),(7.704154410448E-1,
7.704154410448E-1,7.704154410448E-1,7.704154410448E-1,7.704154410448E-1,
7.704154410448E-1,7.704154410448E-1,7.704154410448E-1,7.704154410448E-1,
7.704154410448E-1,7.704154410448E-1,7.704154410448E-1,7.704154410448E-1),(
1.688753676866E0,1.688753676866E0,1.688753676866E0,1.688753676866E0,
1.688753676866E0,1.688753676866E0,1.688753676866E0,1.688753676866E0,
1.688753676866E0,1.688753676866E0,1.688753676866E0,1.688753676866E0,
1.688753676866E0)))REPRESENTATION_ITEM('')SURFACE());
#1264=ORIENTED_EDGE('',*,*,#1263,.T.);
#1266=ORIENTED_EDGE('',*,*,#1265,.T.);
#1268=ORIENTED_EDGE('',*,*,#1267,.T.);
#1269=ORIENTED_EDGE('',*,*,#1192,.F.);
#1270=EDGE_LOOP('',(#1264,#1266,#1268,#1269));
#1271=FACE_OUTER_BOUND('',#1270,.F.);
#1272=ADVANCED_FACE('',(#1271),#1262,.F.);
#1273=FILL_AREA_STYLE_COLOUR('',#1);
#1274=FILL_AREA_STYLE('',(#1273));
#1275=SURFACE_STYLE_FILL_AREA(#1274);
#1276=SURFACE_SIDE_STYLE('',(#1275));
#1277=SURFACE_STYLE_USAGE(.POSITIVE.,#1276);
#1278=PRESENTATION_STYLE_ASSIGNMENT((#1277));
#1279=STYLED_ITEM('',(#1278),#1272);
#1280=CARTESIAN_POINT('',(1.E-1,0.E0,-5.E-1));
#1281=DIRECTION('',(1.E0,0.E0,0.E0));
#1282=DIRECTION('',(0.E0,9.086454217291E-1,4.175685543366E-1));
#1283=AXIS2_PLACEMENT_3D('',#1280,#1281,#1282);
#1284=TOROIDAL_SURFACE('',#1283,5.E-1,1.E-1);
#1286=ORIENTED_EDGE('',*,*,#1285,.T.);
#1288=ORIENTED_EDGE('',*,*,#1287,.T.);
#1289=ORIENTED_EDGE('',*,*,#1263,.F.);
#1290=ORIENTED_EDGE('',*,*,#930,.F.);
#1291=ORIENTED_EDGE('',*,*,#949,.F.);
#1293=ORIENTED_EDGE('',*,*,#1292,.T.);
#1294=EDGE_LOOP('',(#1286,#1288,#1289,#1290,#1291,#1293));
#1295=FACE_OUTER_BOUND('',#1294,.F.);
#1296=ADVANCED_FACE('',(#1295),#1284,.F.);
#1297=FILL_AREA_STYLE_COLOUR('',#1);
#1298=FILL_AREA_STYLE('',(#1297));
#1299=SURFACE_STYLE_FILL_AREA(#1298);
#1300=SURFACE_SIDE_STYLE('',(#1299));
#1301=SURFACE_STYLE_USAGE(.POSITIVE.,#1300);
#1302=PRESENTATION_STYLE_ASSIGNMENT((#1301));
#1303=STYLED_ITEM('',(#1302),#1296);
#1304=CARTESIAN_POINT('',(0.E0,0.E0,-5.E-1));
#1305=DIRECTION('',(1.E0,0.E0,0.E0));
#1306=DIRECTION('',(0.E0,0.E0,-1.E0));
#1307=AXIS2_PLACEMENT_3D('',#1304,#1305,#1306);
#1308=CYLINDRICAL_SURFACE('',#1307,4.E-1);
#1309=ORIENTED_EDGE('',*,*,#1285,.F.);
#1311=ORIENTED_EDGE('',*,*,#1310,.F.);
#1313=ORIENTED_EDGE('',*,*,#1312,.T.);
#1315=ORIENTED_EDGE('',*,*,#1314,.F.);
#1317=ORIENTED_EDGE('',*,*,#1316,.T.);
#1319=ORIENTED_EDGE('',*,*,#1318,.T.);
#1321=ORIENTED_EDGE('',*,*,#1320,.F.);
#1322=EDGE_LOOP('',(#1309,#1311,#1313,#1315,#1317,#1319,#1321));
#1323=FACE_OUTER_BOUND('',#1322,.F.);
#1324=ADVANCED_FACE('',(#1323),#1308,.T.);
#1325=FILL_AREA_STYLE_COLOUR('',#1);
#1326=FILL_AREA_STYLE('',(#1325));
#1327=SURFACE_STYLE_FILL_AREA(#1326);
#1328=SURFACE_SIDE_STYLE('',(#1327));
#1329=SURFACE_STYLE_USAGE(.POSITIVE.,#1328);
#1330=PRESENTATION_STYLE_ASSIGNMENT((#1329));
#1331=STYLED_ITEM('',(#1330),#1324);
#1332=CARTESIAN_POINT('',(-1.570838196402E-1,4.000643330661E-1,
-3.678928877690E-1));
#1333=CARTESIAN_POINT('',(-1.566115999253E-1,4.000201997263E-1,
-3.682841884260E-1));
#1334=CARTESIAN_POINT('',(-1.549841749346E-1,3.998630443379E-1,
-3.695683131363E-1));
#1335=CARTESIAN_POINT('',(-1.524262265812E-1,3.996024123101E-1,
-3.711566253459E-1));
#1336=CARTESIAN_POINT('',(-1.496991127793E-1,3.994616269559E-1,
-3.717960332601E-1));
#1337=CARTESIAN_POINT('',(-1.465534079880E-1,3.996927293686E-1,
-3.707283039691E-1));
#1338=CARTESIAN_POINT('',(-1.417826924526E-1,4.001984992551E-1,
-3.671662215871E-1));
#1339=CARTESIAN_POINT('',(-1.352341314395E-1,4.006720308143E-1,
-3.605383641311E-1));
#1340=CARTESIAN_POINT('',(-1.272718280487E-1,4.008734725430E-1,
-3.507926521835E-1));
#1341=CARTESIAN_POINT('',(-1.181596392750E-1,4.006150132687E-1,
-3.380211720789E-1));
#1342=CARTESIAN_POINT('',(-1.080356456791E-1,3.997052299799E-1,
-3.223076205747E-1));
#1343=CARTESIAN_POINT('',(-9.695694456449E-2,3.979141737340E-1,
-3.036845731208E-1));
#1344=CARTESIAN_POINT('',(-8.495718255177E-2,3.949490942697E-1,
-2.821562972735E-1));
#1345=CARTESIAN_POINT('',(-7.208594834609E-2,3.904353547817E-1,
-2.577235007657E-1));
#1346=CARTESIAN_POINT('',(-5.841802982749E-2,3.838788676476E-1,
-2.303559400543E-1));
#1347=CARTESIAN_POINT('',(-4.407315481449E-2,3.745929840035E-1,
-1.999480811486E-1));
#1348=CARTESIAN_POINT('',(-2.933461810685E-2,3.616116512358E-1,
-1.664270428329E-1));
#1349=CARTESIAN_POINT('',(-1.483759069755E-2,3.435511266934E-1,
-1.298695450575E-1));
#1350=CARTESIAN_POINT('',(-1.884861167989E-3,3.183909033140E-1,
-9.059871344329E-2));
#1351=CARTESIAN_POINT('',(4.385729580245E-3,2.921414006394E-1,
-6.022756744232E-2));
#1352=CARTESIAN_POINT('',(5.072250761747E-3,2.744186075446E-1,
-4.400484462660E-2));
#1353=CARTESIAN_POINT('',(4.998687480896E-3,2.694961661569E-1,
-3.979589058641E-2));
#1354=CARTESIAN_POINT('',(-1.923232382938E-1,3.527189549805E-1,
-4.653076930505E-1));
#1355=CARTESIAN_POINT('',(-1.905048997095E-1,3.529975101287E-1,
-4.663427047762E-1));
#1356=CARTESIAN_POINT('',(-1.837492077548E-1,3.539480359611E-1,
-4.698904728899E-1));
#1357=CARTESIAN_POINT('',(-1.696026157170E-1,3.553293671710E-1,
-4.751529087542E-1));
#1358=CARTESIAN_POINT('',(-1.474045886753E-1,3.560028518604E-1,
-4.777718411165E-1));
#1359=CARTESIAN_POINT('',(-1.230182159679E-1,3.548914381368E-1,
-4.734545473713E-1));
#1360=CARTESIAN_POINT('',(-1.017830549344E-1,3.520486381816E-1,
-4.627428588166E-1));
#1361=CARTESIAN_POINT('',(-8.519541054806E-2,3.481300570299E-1,
-4.485627731662E-1));
#1362=CARTESIAN_POINT('',(-7.213952188457E-2,3.435128774910E-1,
-4.324279370907E-1));
#1363=CARTESIAN_POINT('',(-6.141856328879E-2,3.382866269822E-1,
-4.147173499647E-1));
#1364=CARTESIAN_POINT('',(-5.223776443747E-2,3.324013740394E-1,
-3.953956194362E-1));
#1365=CARTESIAN_POINT('',(-4.415147997060E-2,3.257390660746E-1,
-3.743169478443E-1));
#1366=CARTESIAN_POINT('',(-3.695615798947E-2,3.181483850555E-1,
-3.513503565273E-1));
#1367=CARTESIAN_POINT('',(-3.062723735220E-2,3.094619000476E-1,
-3.264283616852E-1));
#1368=CARTESIAN_POINT('',(-2.527496218256E-2,2.994903282690E-1,
-2.995234679594E-1));
#1369=CARTESIAN_POINT('',(-2.114725914609E-2,2.880107763698E-1,
-2.706176259699E-1));
#1370=CARTESIAN_POINT('',(-1.867374367028E-2,2.748094218426E-1,
-2.398245288126E-1));
#1371=CARTESIAN_POINT('',(-1.851105717076E-2,2.597473224754E-1,
-2.075193927829E-1));
#1372=CARTESIAN_POINT('',(-2.157097924815E-2,2.428251668904E-1,
-1.744222324880E-1));
#1373=CARTESIAN_POINT('',(-2.711440572656E-2,2.291088561442E-1,
-1.503239076415E-1));
#1374=CARTESIAN_POINT('',(-3.151082115220E-2,2.212964954451E-1,
-1.379352688513E-1));
#1375=CARTESIAN_POINT('',(-3.277249628948E-2,2.192127532541E-1,
-1.347588185198E-1));
#1376=CARTESIAN_POINT('',(-2.271202961485E-1,4.346514314182E-1,
-5.363651996403E-1));
#1377=CARTESIAN_POINT('',(-2.238165334103E-1,4.352046757753E-1,
-5.378108613418E-1));
#1378=CARTESIAN_POINT('',(-2.115347919744E-1,4.370906499027E-1,
-5.428007660492E-1));
#1379=CARTESIAN_POINT('',(-1.857680792636E-1,4.398212633089E-1,
-5.503936847182E-1));
#1380=CARTESIAN_POINT('',(-1.452631011676E-1,4.411475347744E-1,
-5.542638684887E-1));
#1381=CARTESIAN_POINT('',(-1.007735581986E-1,4.389583809669E-1,
-5.478921740718E-1));
#1382=CARTESIAN_POINT('',(-6.214872420607E-2,4.333278500836E-1,
-5.326359798600E-1));
#1383=CARTESIAN_POINT('',(-3.213810727510E-2,4.255045319152E-1,
-5.135948947130E-1));
#1384=CARTESIAN_POINT('',(-8.677207950721E-3,4.162240475362E-1,
-4.932541761171E-1));
#1385=CARTESIAN_POINT('',(1.044124810711E-2,4.056788776416E-1,
-4.721645093663E-1));
#1386=CARTESIAN_POINT('',(2.668091950944E-2,3.937993054250E-1,
-4.502073867798E-1));
#1387=CARTESIAN_POINT('',(4.086135426995E-2,3.803898734161E-1,
-4.271158496386E-1));
#1388=CARTESIAN_POINT('',(5.335731895258E-2,3.651990198682E-1,
-4.026607336328E-1));
#1389=CARTESIAN_POINT('',(6.421662886915E-2,3.479537833626E-1,
-3.767183647692E-1));
#1390=CARTESIAN_POINT('',(7.324160820925E-2,3.283502387973E-1,
-3.492467678228E-1));
#1391=CARTESIAN_POINT('',(7.998494418254E-2,3.060336140059E-1,
-3.202690485308E-1));
#1392=CARTESIAN_POINT('',(8.367585738862E-2,2.806882107122E-1,
-2.899992917830E-1));
#1393=CARTESIAN_POINT('',(8.314776471934E-2,2.521735811082E-1,
-2.589807661217E-1));
#1394=CARTESIAN_POINT('',(7.680477934232E-2,2.206570984229E-1,
-2.281653277526E-1));
#1395=CARTESIAN_POINT('',(6.629350095678E-2,1.956423489912E-1,
-2.066491415136E-1));
#1396=CARTESIAN_POINT('',(5.820141686259E-2,1.816436252314E-1,
-1.958665953524E-1));
#1397=CARTESIAN_POINT('',(5.589458428348E-2,1.779291616980E-1,
-1.931235164823E-1));
#1398=CARTESIAN_POINT('',(-2.147825586827E-1,5.359206631278E-1,
-4.857168873398E-1));
#1399=CARTESIAN_POINT('',(-2.118472830110E-1,5.363320056806E-1,
-4.867891072253E-1));
#1400=CARTESIAN_POINT('',(-2.010568394607E-1,5.377259638167E-1,
-4.904645106273E-1));
#1401=CARTESIAN_POINT('',(-1.792309888277E-1,5.397026439681E-1,
-4.959171127361E-1));
#1402=CARTESIAN_POINT('',(-1.461482054186E-1,5.406442769610E-1,
-4.986312830852E-1));
#1403=CARTESIAN_POINT('',(-1.096684302672E-1,5.390883247291E-1,
-4.941570494644E-1));
#1404=CARTESIAN_POINT('',(-7.606302973368E-2,5.349716187727E-1,
-4.830594953456E-1));
#1405=CARTESIAN_POINT('',(-4.725716773681E-2,5.289705109214E-1,
-4.683713719152E-1));
#1406=CARTESIAN_POINT('',(-2.204179664799E-2,5.214394940564E-1,
-4.516516761611E-1));
#1407=CARTESIAN_POINT('',(9.947019537320E-4,5.123614689754E-1,
-4.332771754137E-1));
#1408=CARTESIAN_POINT('',(2.282336457518E-2,5.015122056030E-1,
-4.131937487532E-1));
#1409=CARTESIAN_POINT('',(4.400708057201E-2,4.885334060963E-1,
-3.912330684298E-1));
#1410=CARTESIAN_POINT('',(6.479610290866E-2,4.729661010862E-1,
-3.672365954741E-1));
#1411=CARTESIAN_POINT('',(8.517940178023E-2,4.542606684021E-1,
-3.411118658540E-1));
#1412=CARTESIAN_POINT('',(1.049372144616E-1,4.317329262670E-1,
-3.128046262372E-1));
#1413=CARTESIAN_POINT('',(1.236192010454E-1,4.044775509664E-1,
-2.822775839873E-1));
#1414=CARTESIAN_POINT('',(1.403763657142E-1,3.713595645877E-1,
-2.496243225350E-1));
#1415=CARTESIAN_POINT('',(1.537279776932E-1,3.309927279763E-1,
-2.152002176517E-1));
#1416=CARTESIAN_POINT('',(1.612368960426E-1,2.816329221387E-1,
-1.797128230889E-1));
#1417=CARTESIAN_POINT('',(1.592700434993E-1,2.366489141497E-1,
-1.536232500389E-1));
#1418=CARTESIAN_POINT('',(1.538285919371E-1,2.086682035795E-1,
-1.400636696033E-1));
#1419=CARTESIAN_POINT('',(1.520220009173E-1,2.010417817123E-1,
-1.365733104215E-1));
#1420=(BOUNDED_SURFACE()B_SPLINE_SURFACE(3,3,((#1332,#1333,#1334,#1335,#1336,
#1337,#1338,#1339,#1340,#1341,#1342,#1343,#1344,#1345,#1346,#1347,#1348,#1349,
#1350,#1351,#1352,#1353),(#1354,#1355,#1356,#1357,#1358,#1359,#1360,#1361,#1362,
#1363,#1364,#1365,#1366,#1367,#1368,#1369,#1370,#1371,#1372,#1373,#1374,#1375),(
#1376,#1377,#1378,#1379,#1380,#1381,#1382,#1383,#1384,#1385,#1386,#1387,#1388,
#1389,#1390,#1391,#1392,#1393,#1394,#1395,#1396,#1397),(#1398,#1399,#1400,#1401,
#1402,#1403,#1404,#1405,#1406,#1407,#1408,#1409,#1410,#1411,#1412,#1413,#1414,
#1415,#1416,#1417,#1418,#1419)),.UNSPECIFIED.,.F.,.F.,.F.)B_SPLINE_SURFACE_WITH_KNOTS((4,4),(4,1,1,1,1,1,1,1,1,1,1,1,1,1,1,1,1,1,1,4),(0.E0,1.E0),(
4.882600880044E-1,4.927310230966E-1,5.042045711377E-1,5.172875533403E-1,
5.319824296927E-1,5.480083052624E-1,5.654523472526E-1,5.847046786737E-1,
6.060713758779E-1,6.298151784298E-1,6.562227025879E-1,6.855339464424E-1,
7.179304787239E-1,7.536162678257E-1,7.929731787413E-1,8.366067129570E-1,
8.850019072218E-1,9.388537459214E-1,1.E0,1.022793417851E0),.UNSPECIFIED.)GEOMETRIC_REPRESENTATION_ITEM()RATIONAL_B_SPLINE_SURFACE(((1.504806013764E0,
1.504806013764E0,1.504806013764E0,1.504806013764E0,1.504806013764E0,
1.504806013764E0,1.504806013764E0,1.504806013764E0,1.504806013764E0,
1.504806013764E0,1.504806013764E0,1.504806013764E0,1.504806013764E0,
1.504806013764E0,1.504806013764E0,1.504806013764E0,1.504806013764E0,
1.504806013764E0,1.504806013764E0,1.504806013764E0,1.504806013764E0,
1.504806013764E0),(8.317313287452E-1,8.317313287452E-1,8.317313287452E-1,
8.317313287452E-1,8.317313287452E-1,8.317313287452E-1,8.317313287452E-1,
8.317313287452E-1,8.317313287452E-1,8.317313287452E-1,8.317313287452E-1,
8.317313287452E-1,8.317313287452E-1,8.317313287452E-1,8.317313287452E-1,
8.317313287452E-1,8.317313287452E-1,8.317313287452E-1,8.317313287452E-1,
8.317313287452E-1,8.317313287452E-1,8.317313287452E-1),(8.317313287452E-1,
8.317313287452E-1,8.317313287452E-1,8.317313287452E-1,8.317313287452E-1,
8.317313287452E-1,8.317313287452E-1,8.317313287452E-1,8.317313287452E-1,
8.317313287452E-1,8.317313287452E-1,8.317313287452E-1,8.317313287452E-1,
8.317313287452E-1,8.317313287452E-1,8.317313287452E-1,8.317313287452E-1,
8.317313287452E-1,8.317313287452E-1,8.317313287452E-1,8.317313287452E-1,
8.317313287452E-1),(1.504806013764E0,1.504806013764E0,1.504806013764E0,
1.504806013764E0,1.504806013764E0,1.504806013764E0,1.504806013764E0,
1.504806013764E0,1.504806013764E0,1.504806013764E0,1.504806013764E0,
1.504806013764E0,1.504806013764E0,1.504806013764E0,1.504806013764E0,
1.504806013764E0,1.504806013764E0,1.504806013764E0,1.504806013764E0,
1.504806013764E0,1.504806013764E0,1.504806013764E0)))REPRESENTATION_ITEM('')SURFACE());
#1422=ORIENTED_EDGE('',*,*,#1421,.F.);
#1424=ORIENTED_EDGE('',*,*,#1423,.T.);
#1425=ORIENTED_EDGE('',*,*,#1310,.T.);
#1426=ORIENTED_EDGE('',*,*,#1292,.F.);
#1427=EDGE_LOOP('',(#1422,#1424,#1425,#1426));
#1428=FACE_OUTER_BOUND('',#1427,.F.);
#1429=ADVANCED_FACE('',(#1428),#1420,.F.);
#1430=FILL_AREA_STYLE_COLOUR('',#1);
#1431=FILL_AREA_STYLE('',(#1430));
#1432=SURFACE_STYLE_FILL_AREA(#1431);
#1433=SURFACE_SIDE_STYLE('',(#1432));
#1434=SURFACE_STYLE_USAGE(.POSITIVE.,#1433);
#1435=PRESENTATION_STYLE_ASSIGNMENT((#1434));
#1436=STYLED_ITEM('',(#1435),#1429);
#1437=CARTESIAN_POINT('',(-1.184178555893E-2,1.819617954280E-1,
-4.104156920526E-1));
#1438=CARTESIAN_POINT('',(-1.184178555893E-2,1.842435593734E-1,
-3.867843680397E-1));
#1439=CARTESIAN_POINT('',(-1.184178555893E-2,1.896865133210E-1,
-3.293994597451E-1));
#1440=CARTESIAN_POINT('',(-1.184178555893E-2,1.975031602263E-1,
-2.411083816356E-1));
#1441=CARTESIAN_POINT('',(-1.184178555893E-2,2.048319494191E-1,
-1.480217180068E-1));
#1442=CARTESIAN_POINT('',(-1.184178555893E-2,2.106563504494E-1,
-6.261804120592E-2));
#1443=CARTESIAN_POINT('',(-1.184178555893E-2,2.151523560667E-1,
1.558555885284E-2));
#1444=CARTESIAN_POINT('',(-1.184178555893E-2,2.185702998054E-1,
8.726003803804E-2));
#1445=CARTESIAN_POINT('',(-1.184178555893E-2,2.211430157201E-1,
1.529337031135E-1));
#1446=CARTESIAN_POINT('',(-1.184178555893E-2,2.230469990559E-1,
2.131935737895E-1));
#1447=CARTESIAN_POINT('',(-1.184178555893E-2,2.244211419584E-1,
2.686278187606E-1));
#1448=CARTESIAN_POINT('',(-1.184178555893E-2,2.253791627891E-1,
3.198467733433E-1));
#1449=CARTESIAN_POINT('',(-1.184178555893E-2,2.260158845227E-1,
3.678682190704E-1));
#1450=CARTESIAN_POINT('',(-1.184178555893E-2,2.264024012181E-1,
4.145814207697E-1));
#1451=CARTESIAN_POINT('',(-1.184178555893E-2,2.265682349921E-1,
4.624581945860E-1));
#1452=CARTESIAN_POINT('',(-1.184178555893E-2,2.264944406429E-1,
5.133613541876E-1));
#1453=CARTESIAN_POINT('',(-1.184178555893E-2,2.262012354693E-1,
5.580652120980E-1));
#1454=CARTESIAN_POINT('',(-1.184178555893E-2,2.259117049965E-1,
5.858075328299E-1));
#1455=CARTESIAN_POINT('',(-1.184178555893E-2,2.258002504737E-1,
5.953014523296E-1));
#1456=CARTESIAN_POINT('',(5.106728142494E-2,3.300602604719E-1,
-4.247162885526E-1));
#1457=CARTESIAN_POINT('',(5.106728142494E-2,3.323582251462E-1,
-4.009172862785E-1));
#1458=CARTESIAN_POINT('',(5.106728142494E-2,3.378503885547E-1,
-3.430156093182E-1));
#1459=CARTESIAN_POINT('',(5.106728142494E-2,3.457700768690E-1,
-2.535699445063E-1));
#1460=CARTESIAN_POINT('',(5.106728142494E-2,3.532190186267E-1,
-1.589647256931E-1));
#1461=CARTESIAN_POINT('',(5.106728142494E-2,3.591513348797E-1,
-7.198581170098E-2));
#1462=CARTESIAN_POINT('',(5.106728142494E-2,3.637371482056E-1,
7.779474976362E-3));
#1463=CARTESIAN_POINT('',(5.106728142494E-2,3.672190961623E-1,
8.080079159226E-2));
#1464=CARTESIAN_POINT('',(5.106728142494E-2,3.698385782737E-1,
1.476693174265E-1));
#1465=CARTESIAN_POINT('',(5.106728142494E-2,3.717762397538E-1,
2.089966733651E-1));
#1466=CARTESIAN_POINT('',(5.106728142494E-2,3.731741820911E-1,
2.653925580015E-1));
#1467=CARTESIAN_POINT('',(5.106728142494E-2,3.741481859189E-1,
3.174685257335E-1));
#1468=CARTESIAN_POINT('',(5.106728142494E-2,3.747951945291E-1,
3.662680963879E-1));
#1469=CARTESIAN_POINT('',(5.106728142494E-2,3.751877444734E-1,
4.137139740477E-1));
#1470=CARTESIAN_POINT('',(5.106728142494E-2,3.753560658343E-1,
4.623173447349E-1));
#1471=CARTESIAN_POINT('',(5.106728142494E-2,3.752811561559E-1,
5.139664470311E-1));
#1472=CARTESIAN_POINT('',(5.106728142494E-2,3.749837796903E-1,
5.593015649392E-1));
#1473=CARTESIAN_POINT('',(5.106728142494E-2,3.746902685830E-1,
5.874249053708E-1));
#1474=CARTESIAN_POINT('',(5.106728142494E-2,3.745772972636E-1,
5.970480286951E-1));
#1475=CARTESIAN_POINT('',(-6.453760767076E-2,4.423683889887E-1,
-4.355609197181E-1));
#1476=CARTESIAN_POINT('',(-6.453760767076E-2,4.446786392294E-1,
-4.116347612869E-1));
#1477=CARTESIAN_POINT('',(-6.453760767076E-2,4.502081198544E-1,
-3.533412009825E-1));
#1478=CARTESIAN_POINT('',(-6.453760767076E-2,4.582059479914E-1,
-2.630199736067E-1));
#1479=CARTESIAN_POINT('',(-6.453760767076E-2,4.657460055462E-1,
-1.672631824883E-1));
#1480=CARTESIAN_POINT('',(-6.453760767076E-2,4.717601576014E-1,
-7.908971228740E-2));
#1481=CARTESIAN_POINT('',(-6.453760767076E-2,4.764140751826E-1,
1.859854736189E-3));
#1482=CARTESIAN_POINT('',(-6.453760767076E-2,4.799445597258E-1,
7.590252421495E-2));
#1483=CARTESIAN_POINT('',(-6.453760767076E-2,4.825995062428E-1,
1.436771538068E-1));
#1484=CARTESIAN_POINT('',(-6.453760767076E-2,4.845627070110E-1,
2.058140203100E-1));
#1485=CARTESIAN_POINT('',(-6.453760767076E-2,4.859786972730E-1,
2.629391491765E-1));
#1486=CARTESIAN_POINT('',(-6.453760767076E-2,4.869648215540E-1,
3.156650192750E-1));
#1487=CARTESIAN_POINT('',(-6.453760767076E-2,4.876196310544E-1,
3.650546686605E-1));
#1488=CARTESIAN_POINT('',(-6.453760767076E-2,4.880167562176E-1,
4.130561595463E-1));
#1489=CARTESIAN_POINT('',(-6.453760767076E-2,4.881869640007E-1,
4.622105334781E-1));
#1490=CARTESIAN_POINT('',(-6.453760767076E-2,4.881112085300E-1,
5.144253096184E-1));
#1491=CARTESIAN_POINT('',(-6.453760767076E-2,4.878106688311E-1,
5.602391335612E-1));
#1492=CARTESIAN_POINT('',(-6.453760767076E-2,4.875141390726E-1,
5.886514142555E-1));
#1493=CARTESIAN_POINT('',(-6.453760767076E-2,4.874000175143E-1,
5.983725172566E-1));
#1494=CARTESIAN_POINT('',(-2.117531564757E-1,3.761721970166E-1,
-4.291689221309E-1));
#1495=CARTESIAN_POINT('',(-2.117531564757E-1,3.784752059496E-1,
-4.053177115552E-1));
#1496=CARTESIAN_POINT('',(-2.117531564757E-1,3.839826912154E-1,
-3.472551335085E-1));
#1497=CARTESIAN_POINT('',(-2.117531564757E-1,3.919344625018E-1,
-2.574499765928E-1));
#1498=CARTESIAN_POINT('',(-2.117531564757E-1,3.994208149607E-1,
-1.623719404532E-1));
#1499=CARTESIAN_POINT('',(-2.117531564757E-1,4.053867316964E-1,
-7.490256062545E-2));
#1500=CARTESIAN_POINT('',(-2.117531564757E-1,4.100005075495E-1,
5.348972781299E-3));
#1501=CARTESIAN_POINT('',(-2.117531564757E-1,4.135023838589E-1,
7.878964068569E-2));
#1502=CARTESIAN_POINT('',(-2.117531564757E-1,4.161364270928E-1,
1.460301983535E-1));
#1503=CARTESIAN_POINT('',(-2.117531564757E-1,4.180845745996E-1,
2.076899264924E-1));
#1504=CARTESIAN_POINT('',(-2.117531564757E-1,4.194899271286E-1,
2.643852272450E-1));
#1505=CARTESIAN_POINT('',(-2.117531564757E-1,4.204689074223E-1,
3.167280345823E-1));
#1506=CARTESIAN_POINT('',(-2.117531564757E-1,4.211191189543E-1,
3.657698822060E-1));
#1507=CARTESIAN_POINT('',(-2.117531564757E-1,4.215135474109E-1,
4.134438858453E-1));
#1508=CARTESIAN_POINT('',(-2.117531564757E-1,4.216826433068E-1,
4.622734897267E-1));
#1509=CARTESIAN_POINT('',(-2.117531564757E-1,4.216073863595E-1,
5.141548487326E-1));
#1510=CARTESIAN_POINT('',(-2.117531564757E-1,4.213087111205E-1,
5.596865157471E-1));
#1511=CARTESIAN_POINT('',(-2.117531564757E-1,4.210139606029E-1,
5.879284904684E-1));
#1512=CARTESIAN_POINT('',(-2.117531564757E-1,4.209005170136E-1,
5.975918426942E-1));
#1513=(BOUNDED_SURFACE()B_SPLINE_SURFACE(3,3,((#1437,#1438,#1439,#1440,#1441,
#1442,#1443,#1444,#1445,#1446,#1447,#1448,#1449,#1450,#1451,#1452,#1453,#1454,
#1455),(#1456,#1457,#1458,#1459,#1460,#1461,#1462,#1463,#1464,#1465,#1466,#1467,
#1468,#1469,#1470,#1471,#1472,#1473,#1474),(#1475,#1476,#1477,#1478,#1479,#1480,
#1481,#1482,#1483,#1484,#1485,#1486,#1487,#1488,#1489,#1490,#1491,#1492,#1493),(
#1494,#1495,#1496,#1497,#1498,#1499,#1500,#1501,#1502,#1503,#1504,#1505,#1506,
#1507,#1508,#1509,#1510,#1511,#1512)),.UNSPECIFIED.,.F.,.F.,.F.)B_SPLINE_SURFACE_WITH_KNOTS((4,4),(4,1,1,1,1,1,1,1,1,1,1,1,1,1,1,1,4),(0.E0,1.E0),(
2.306299207836E-1,2.619627381284E-1,3.068085925712E-1,3.481014797954E-1,
3.859759332017E-1,4.206443059765E-1,4.523578892905E-1,4.813789434481E-1,
5.079764956204E-1,5.324322067060E-1,5.550008188635E-1,5.759570216678E-1,
5.961367126087E-1,6.169421188298E-1,6.394157520994E-1,6.635814815733E-1,
6.761527266965E-1),.UNSPECIFIED.)GEOMETRIC_REPRESENTATION_ITEM()RATIONAL_B_SPLINE_SURFACE(((1.465596595131E0,1.465596595131E0,1.465596595131E0,1.465596595131E0,
1.465596595131E0,1.465596595131E0,1.465596595131E0,1.465596595131E0,
1.465596595131E0,1.465596595131E0,1.465596595131E0,1.465596595131E0,
1.465596595131E0,1.465596595131E0,1.465596595131E0,1.465596595131E0,
1.465596595131E0,1.465596595131E0,1.465596595131E0),(8.448011349562E-1,
8.448011349562E-1,8.448011349562E-1,8.448011349562E-1,8.448011349562E-1,
8.448011349562E-1,8.448011349562E-1,8.448011349562E-1,8.448011349562E-1,
8.448011349562E-1,8.448011349562E-1,8.448011349562E-1,8.448011349562E-1,
8.448011349562E-1,8.448011349562E-1,8.448011349562E-1,8.448011349562E-1,
8.448011349562E-1,8.448011349562E-1),(8.448011349562E-1,8.448011349562E-1,
8.448011349562E-1,8.448011349562E-1,8.448011349562E-1,8.448011349562E-1,
8.448011349562E-1,8.448011349562E-1,8.448011349562E-1,8.448011349562E-1,
8.448011349562E-1,8.448011349562E-1,8.448011349562E-1,8.448011349562E-1,
8.448011349562E-1,8.448011349562E-1,8.448011349562E-1,8.448011349562E-1,
8.448011349562E-1),(1.465596595131E0,1.465596595131E0,1.465596595131E0,
1.465596595131E0,1.465596595131E0,1.465596595131E0,1.465596595131E0,
1.465596595131E0,1.465596595131E0,1.465596595131E0,1.465596595131E0,
1.465596595131E0,1.465596595131E0,1.465596595131E0,1.465596595131E0,
1.465596595131E0,1.465596595131E0,1.465596595131E0,1.465596595131E0)))REPRESENTATION_ITEM('')SURFACE());
#1514=ORIENTED_EDGE('',*,*,#1421,.T.);
#1515=ORIENTED_EDGE('',*,*,#953,.T.);
#1517=ORIENTED_EDGE('',*,*,#1516,.T.);
#1519=ORIENTED_EDGE('',*,*,#1518,.T.);
#1521=ORIENTED_EDGE('',*,*,#1520,.F.);
#1522=EDGE_LOOP('',(#1514,#1515,#1517,#1519,#1521));
#1523=FACE_OUTER_BOUND('',#1522,.F.);
#1524=ADVANCED_FACE('',(#1523),#1513,.T.);
#1525=FILL_AREA_STYLE_COLOUR('',#1);
#1526=FILL_AREA_STYLE('',(#1525));
#1527=SURFACE_STYLE_FILL_AREA(#1526);
#1528=SURFACE_SIDE_STYLE('',(#1527));
#1529=SURFACE_STYLE_USAGE(.POSITIVE.,#1528);
#1530=PRESENTATION_STYLE_ASSIGNMENT((#1529));
#1531=STYLED_ITEM('',(#1530),#1524);
#1532=CARTESIAN_POINT('',(1.909834886940E-2,2.953639649899E-1,
2.505873309595E-2));
#1533=CARTESIAN_POINT('',(1.869134576034E-2,2.996833166138E-1,
2.880204010611E-2));
#1534=CARTESIAN_POINT('',(1.573132104863E-2,3.225196111747E-1,
4.953592948184E-2));
#1535=CARTESIAN_POINT('',(3.190321286558E-3,3.605823167098E-1,
9.388014038168E-2));
#1536=CARTESIAN_POINT('',(-2.312485624320E-2,4.008025121287E-1,
1.639737610576E-1));
#1537=CARTESIAN_POINT('',(-5.485480475536E-2,4.300841226426E-1,
2.445158202839E-1));
#1538=CARTESIAN_POINT('',(-8.593249911151E-2,4.480779399070E-1,
3.318292091202E-1));
#1539=CARTESIAN_POINT('',(-1.097159588146E-1,4.569457353859E-1,
4.238138048447E-1));
#1540=CARTESIAN_POINT('',(-1.159315275754E-1,4.585915312353E-1,
5.186176890297E-1));
#1541=CARTESIAN_POINT('',(-1.042878862298E-1,4.545467805762E-1,
5.997500114171E-1));
#1542=CARTESIAN_POINT('',(-8.779859314526E-2,4.475174068514E-1,
6.612308233454E-1));
#1543=CARTESIAN_POINT('',(-7.627503964622E-2,4.412780975431E-1,
6.962408828739E-1));
#1544=CARTESIAN_POINT('',(-7.123561877567E-2,4.382285257742E-1,
7.107770696915E-1));
#1545=CARTESIAN_POINT('',(-6.594030353425E-2,2.387143058238E-1,
1.260169309144E-1));
#1546=CARTESIAN_POINT('',(-6.514747030481E-2,2.399278175715E-1,
1.290186928587E-1));
#1547=CARTESIAN_POINT('',(-6.100092005873E-2,2.466057034391E-1,
1.457317973209E-1));
#1548=CARTESIAN_POINT('',(-5.469450785381E-2,2.605397892315E-1,
1.821051942574E-1));
#1549=CARTESIAN_POINT('',(-5.027563978628E-2,2.810989244265E-1,
2.415366157765E-1));
#1550=CARTESIAN_POINT('',(-4.994636099616E-2,3.012872187762E-1,
3.108960444726E-1));
#1551=CARTESIAN_POINT('',(-5.208860563377E-2,3.175187779217E-1,
3.843966664752E-1));
#1552=CARTESIAN_POINT('',(-5.285703132956E-2,3.267309785945E-1,
4.532848668832E-1));
#1553=CARTESIAN_POINT('',(-5.246895708410E-2,3.283917544410E-1,
5.111217198624E-1));
#1554=CARTESIAN_POINT('',(-5.283353172357E-2,3.244671424064E-1,
5.639465154866E-1));
#1555=CARTESIAN_POINT('',(-5.208641070077E-2,3.173831154338E-1,
6.108480338490E-1));
#1556=CARTESIAN_POINT('',(-5.139146366081E-2,3.116162040916E-1,
6.394228354381E-1));
#1557=CARTESIAN_POINT('',(-5.112231862368E-2,3.089553564725E-1,
6.514915274416E-1));
#1558=CARTESIAN_POINT('',(3.193477254386E-2,1.796505230755E-1,
2.129925299350E-1));
#1559=CARTESIAN_POINT('',(3.397414274113E-2,1.817634022660E-1,
2.151937131652E-1));
#1560=CARTESIAN_POINT('',(4.477443894279E-2,1.935517156174E-1,
2.276084386822E-1));
#1561=CARTESIAN_POINT('',(6.249910624344E-2,2.198422308391E-1,
2.559310406821E-1));
#1562=CARTESIAN_POINT('',(7.775023053331E-2,2.615969148906E-1,
3.054661262809E-1));
#1563=CARTESIAN_POINT('',(8.369576841144E-2,3.046108315897E-1,
3.653595113264E-1));
#1564=CARTESIAN_POINT('',(8.338350910277E-2,3.403956682022E-1,
4.278164230473E-1));
#1565=CARTESIAN_POINT('',(8.531277742188E-2,3.611100596454E-1,
4.780332430024E-1));
#1566=CARTESIAN_POINT('',(8.728292280360E-2,3.650492685069E-1,
5.053237332546E-1));
#1567=CARTESIAN_POINT('',(8.449439055776E-2,3.566149706386E-1,
5.347852071112E-1));
#1568=CARTESIAN_POINT('',(8.369043400205E-2,3.410721855793E-1,
5.697655000249E-1));
#1569=CARTESIAN_POINT('',(8.355879606990E-2,3.284648297530E-1,
5.930611018836E-1));
#1570=CARTESIAN_POINT('',(8.341468597998E-2,3.226738911066E-1,
6.030922746037E-1));
#1571=CARTESIAN_POINT('',(1.530473163709E-1,2.145309987957E-1,
1.440909949696E-1));
#1572=CARTESIAN_POINT('',(1.543462873105E-1,2.200811984066E-1,
1.467386533586E-1));
#1573=CARTESIAN_POINT('',(1.604923847749E-1,2.499114746060E-1,
1.615899069836E-1));
#1574=CARTESIAN_POINT('',(1.635780750960E-1,3.048848281874E-1,
1.949160353181E-1));
#1575=CARTESIAN_POINT('',(1.520876067245E-1,3.741126320671E-1,
2.514658199972E-1));
#1576=CARTESIAN_POINT('',(1.280439061950E-1,4.346327219651E-1,
3.190529286463E-1));
#1577=CARTESIAN_POINT('',(9.947067625590E-2,4.793865830826E-1,
3.912522184812E-1));
#1578=CARTESIAN_POINT('',(7.937920170786E-2,5.039959405550E-1,
4.576837088217E-1));
#1579=CARTESIAN_POINT('',(7.532880924844E-2,5.087599332132E-1,
5.106827340767E-1));
#1580=CARTESIAN_POINT('',(8.365509308434E-2,4.985433583739E-1,
5.598406973772E-1));
#1581=CARTESIAN_POINT('',(9.802162674448E-2,4.799375756442E-1,
6.050064687028E-1));
#1582=CARTESIAN_POINT('',(1.084139402179E-1,4.643366340123E-1,
6.327915698307E-1));
#1583=CARTESIAN_POINT('',(1.128877922041E-1,4.570033111793E-1,
6.445392673288E-1));
#1584=(BOUNDED_SURFACE()B_SPLINE_SURFACE(3,3,((#1532,#1533,#1534,#1535,#1536,
#1537,#1538,#1539,#1540,#1541,#1542,#1543,#1544),(#1545,#1546,#1547,#1548,#1549,
#1550,#1551,#1552,#1553,#1554,#1555,#1556,#1557),(#1558,#1559,#1560,#1561,#1562,
#1563,#1564,#1565,#1566,#1567,#1568,#1569,#1570),(#1571,#1572,#1573,#1574,#1575,
#1576,#1577,#1578,#1579,#1580,#1581,#1582,#1583)),.UNSPECIFIED.,.F.,.F.,.F.)B_SPLINE_SURFACE_WITH_KNOTS((4,4),(4,1,1,1,1,1,1,1,1,1,4),(0.E0,1.E0),(
-1.203931261358E-2,0.E0,5.298144997419E-2,1.115149106200E-1,1.769138586893E-1,
2.425654634295E-1,3.028908060870E-1,3.564219541831E-1,4.042050721282E-1,
4.469925895832E-1,4.785943020510E-1),.UNSPECIFIED.)GEOMETRIC_REPRESENTATION_ITEM()RATIONAL_B_SPLINE_SURFACE(((1.688782139537E0,1.688782139537E0,1.688782139537E0,
1.688782139537E0,1.688782139537E0,1.688782139537E0,1.688782139537E0,
1.688782139537E0,1.688782139537E0,1.688782139537E0,1.688782139537E0,
1.688782139537E0,1.688782139537E0),(7.704059534878E-1,7.704059534878E-1,
7.704059534878E-1,7.704059534878E-1,7.704059534878E-1,7.704059534878E-1,
7.704059534878E-1,7.704059534878E-1,7.704059534878E-1,7.704059534878E-1,
7.704059534878E-1,7.704059534878E-1,7.704059534878E-1),(7.704059534878E-1,
7.704059534878E-1,7.704059534878E-1,7.704059534878E-1,7.704059534878E-1,
7.704059534878E-1,7.704059534878E-1,7.704059534878E-1,7.704059534878E-1,
7.704059534878E-1,7.704059534878E-1,7.704059534878E-1,7.704059534878E-1),(
1.688782139537E0,1.688782139537E0,1.688782139537E0,1.688782139537E0,
1.688782139537E0,1.688782139537E0,1.688782139537E0,1.688782139537E0,
1.688782139537E0,1.688782139537E0,1.688782139537E0,1.688782139537E0,
1.688782139537E0)))REPRESENTATION_ITEM('')SURFACE());
#1585=ORIENTED_EDGE('',*,*,#974,.T.);
#1587=ORIENTED_EDGE('',*,*,#1586,.T.);
#1589=ORIENTED_EDGE('',*,*,#1588,.T.);
#1590=ORIENTED_EDGE('',*,*,#1516,.F.);
#1591=EDGE_LOOP('',(#1585,#1587,#1589,#1590));
#1592=FACE_OUTER_BOUND('',#1591,.F.);
#1593=ADVANCED_FACE('',(#1592),#1584,.F.);
#1594=FILL_AREA_STYLE_COLOUR('',#1);
#1595=FILL_AREA_STYLE('',(#1594));
#1596=SURFACE_STYLE_FILL_AREA(#1595);
#1597=SURFACE_SIDE_STYLE('',(#1596));
#1598=SURFACE_STYLE_USAGE(.POSITIVE.,#1597);
#1599=PRESENTATION_STYLE_ASSIGNMENT((#1598));
#1600=STYLED_ITEM('',(#1599),#1593);
#1601=CARTESIAN_POINT('',(0.E0,0.E0,5.E-1));
#1602=DIRECTION('',(1.E0,0.E0,0.E0));
#1603=DIRECTION('',(0.E0,0.E0,-1.E0));
#1604=AXIS2_PLACEMENT_3D('',#1601,#1602,#1603);
#1605=CYLINDRICAL_SURFACE('',#1604,4.E-1);
#1606=ORIENTED_EDGE('',*,*,#1586,.F.);
#1607=ORIENTED_EDGE('',*,*,#972,.F.);
#1608=ORIENTED_EDGE('',*,*,#1006,.T.);
#1610=ORIENTED_EDGE('',*,*,#1609,.T.);
#1611=ORIENTED_EDGE('',*,*,#1002,.F.);
#1613=ORIENTED_EDGE('',*,*,#1612,.F.);
#1615=ORIENTED_EDGE('',*,*,#1614,.F.);
#1616=EDGE_LOOP('',(#1606,#1607,#1608,#1610,#1611,#1613,#1615));
#1617=FACE_OUTER_BOUND('',#1616,.F.);
#1618=ADVANCED_FACE('',(#1617),#1605,.T.);
#1619=FILL_AREA_STYLE_COLOUR('',#1);
#1620=FILL_AREA_STYLE('',(#1619));
#1621=SURFACE_STYLE_FILL_AREA(#1620);
#1622=SURFACE_SIDE_STYLE('',(#1621));
#1623=SURFACE_STYLE_USAGE(.POSITIVE.,#1622);
#1624=PRESENTATION_STYLE_ASSIGNMENT((#1623));
#1625=STYLED_ITEM('',(#1624),#1618);
#1626=CARTESIAN_POINT('',(4.357415841924E-1,-1.334875376933E-1,
1.261124883469E-1));
#1627=CARTESIAN_POINT('',(6.654484935165E-1,-1.412373346853E-1,
1.044059503194E-1));
#1628=CARTESIAN_POINT('',(8.735431933215E-1,-1.076250747363E-1,
1.985511001252E-1));
#1629=CARTESIAN_POINT('',(9.991177855866E-1,-4.248883687081E-2,
3.809922951223E-1));
#1630=CARTESIAN_POINT('',(4.357415841924E-1,1.505129355875E-1,
2.471695439503E-2));
#1631=CARTESIAN_POINT('',(6.654484935165E-1,1.592511647557E-1,
-2.876236556024E-3));
#1632=CARTESIAN_POINT('',(8.735431933215E-1,1.213518971232E-1,
1.168003831064E-1));
#1633=CARTESIAN_POINT('',(9.991177855866E-1,4.790798959688E-2,
3.487182838104E-1));
#1634=CARTESIAN_POINT('',(4.357415841924E-1,3.970022595517E-1,
1.984418412155E-1));
#1635=CARTESIAN_POINT('',(6.654484935165E-1,4.200507550895E-1,
1.809344802121E-1));
#1636=CARTESIAN_POINT('',(8.735431933215E-1,3.200852948004E-1,
2.568670458878E-1));
#1637=CARTESIAN_POINT('',(9.991177855866E-1,1.263650864711E-1,
4.040145946426E-1));
#1638=CARTESIAN_POINT('',(4.357415841924E-1,3.970022595523E-1,
4.999999999993E-1));
#1639=CARTESIAN_POINT('',(6.654484935165E-1,4.200507550901E-1,
4.999999999993E-1));
#1640=CARTESIAN_POINT('',(8.735431933215E-1,3.200852948008E-1,
4.999999999995E-1));
#1641=CARTESIAN_POINT('',(9.991177855866E-1,1.263650864713E-1,
4.999999999998E-1));
#1642=CARTESIAN_POINT('',(4.357415841924E-1,3.970022595528E-1,
8.015581587832E-1));
#1643=CARTESIAN_POINT('',(6.654484935165E-1,4.200507550906E-1,
8.190655197865E-1));
#1644=CARTESIAN_POINT('',(8.735431933215E-1,3.200852948013E-1,
7.431329541111E-1));
#1645=CARTESIAN_POINT('',(9.991177855866E-1,1.263650864715E-1,
5.959854053570E-1));
#1646=CARTESIAN_POINT('',(4.357415841924E-1,1.505129355891E-1,
9.752830456045E-1));
#1647=CARTESIAN_POINT('',(6.654484935165E-1,1.592511647575E-1,
1.002876236555E0));
#1648=CARTESIAN_POINT('',(8.735431933215E-1,1.213518971245E-1,
8.831996168932E-1));
#1649=CARTESIAN_POINT('',(9.991177855866E-1,4.790798959739E-2,
6.512817161894E-1));
#1650=CARTESIAN_POINT('',(4.357415841924E-1,-1.334875376920E-1,
8.738875116536E-1));
#1651=CARTESIAN_POINT('',(6.654484935165E-1,-1.412373346839E-1,
8.955940496811E-1));
#1652=CARTESIAN_POINT('',(8.735431933215E-1,-1.076250747353E-1,
8.014488998752E-1));
#1653=CARTESIAN_POINT('',(9.991177855866E-1,-4.248883687040E-2,
6.190077048779E-1));
#1654=(BOUNDED_SURFACE()B_SPLINE_SURFACE(3,3,((#1626,#1627,#1628,#1629),(#1630,
#1631,#1632,#1633),(#1634,#1635,#1636,#1637),(#1638,#1639,#1640,#1641),(#1642,
#1643,#1644,#1645),(#1646,#1647,#1648,#1649),(#1650,#1651,#1652,#1653)),
.UNSPECIFIED.,.F.,.F.,.F.)B_SPLINE_SURFACE_WITH_KNOTS((4,3,4),(4,4),(0.E0,1.E0,
2.E0),(0.E0,1.E0),.UNSPECIFIED.)GEOMETRIC_REPRESENTATION_ITEM()RATIONAL_B_SPLINE_SURFACE(((1.369147433780E0,1.235567398104E0,1.235567398104E0,1.369147433780E0),(
9.822179893558E-1,8.863884893157E-1,8.863884893157E-1,9.822179893558E-1),(
9.822179893558E-1,8.863884893157E-1,8.863884893157E-1,9.822179893558E-1),(
1.369147433780E0,1.235567398104E0,1.235567398104E0,1.369147433780E0),(
9.822179893558E-1,8.863884893157E-1,8.863884893157E-1,9.822179893558E-1),(
9.822179893558E-1,8.863884893157E-1,8.863884893157E-1,9.822179893558E-1),(
1.369147433780E0,1.235567398104E0,1.235567398104E0,1.369147433780E0)))REPRESENTATION_ITEM('')SURFACE());
#1656=ORIENTED_EDGE('',*,*,#1655,.T.);
#1658=ORIENTED_EDGE('',*,*,#1657,.T.);
#1659=ORIENTED_EDGE('',*,*,#1609,.F.);
#1661=ORIENTED_EDGE('',*,*,#1660,.F.);
#1662=EDGE_LOOP('',(#1656,#1658,#1659,#1661));
#1663=FACE_OUTER_BOUND('',#1662,.F.);
#1664=ADVANCED_FACE('',(#1663),#1654,.T.);
#1665=FILL_AREA_STYLE_COLOUR('',#1);
#1666=FILL_AREA_STYLE('',(#1665));
#1667=SURFACE_STYLE_FILL_AREA(#1666);
#1668=SURFACE_SIDE_STYLE('',(#1667));
#1669=SURFACE_STYLE_USAGE(.POSITIVE.,#1668);
#1670=PRESENTATION_STYLE_ASSIGNMENT((#1669));
#1671=STYLED_ITEM('',(#1670),#1664);
#1672=CARTESIAN_POINT('',(3.575E1,0.E0,5.E-1));
#1673=DIRECTION('',(1.E0,0.E0,0.E0));
#1674=DIRECTION('',(0.E0,0.E0,1.E0));
#1675=AXIS2_PLACEMENT_3D('',#1672,#1673,#1674);
#1676=CYLINDRICAL_SURFACE('',#1675,1.75E-1);
#1677=ORIENTED_EDGE('',*,*,#1655,.F.);
#1679=ORIENTED_EDGE('',*,*,#1678,.F.);
#1681=ORIENTED_EDGE('',*,*,#1680,.T.);
#1683=ORIENTED_EDGE('',*,*,#1682,.T.);
#1684=EDGE_LOOP('',(#1677,#1679,#1681,#1683));
#1685=FACE_OUTER_BOUND('',#1684,.F.);
#1686=ADVANCED_FACE('',(#1685),#1676,.T.);
#1687=FILL_AREA_STYLE_COLOUR('',#25);
#1688=FILL_AREA_STYLE('',(#1687));
#1689=SURFACE_STYLE_FILL_AREA(#1688);
#1690=SURFACE_SIDE_STYLE('',(#1689));
#1691=SURFACE_STYLE_USAGE(.POSITIVE.,#1690);
#1692=PRESENTATION_STYLE_ASSIGNMENT((#1691));
#1693=STYLED_ITEM('',(#1692),#1686);
#1694=CARTESIAN_POINT('',(3.575E1,0.E0,5.E-1));
#1695=DIRECTION('',(1.E0,0.E0,0.E0));
#1696=DIRECTION('',(0.E0,0.E0,1.E0));
#1697=AXIS2_PLACEMENT_3D('',#1694,#1695,#1696);
#1698=CYLINDRICAL_SURFACE('',#1697,1.75E-1);
#1700=ORIENTED_EDGE('',*,*,#1699,.F.);
#1701=ORIENTED_EDGE('',*,*,#1682,.F.);
#1703=ORIENTED_EDGE('',*,*,#1702,.T.);
#1704=ORIENTED_EDGE('',*,*,#1678,.T.);
#1705=EDGE_LOOP('',(#1700,#1701,#1703,#1704));
#1706=FACE_OUTER_BOUND('',#1705,.F.);
#1707=ADVANCED_FACE('',(#1706),#1698,.T.);
#1708=FILL_AREA_STYLE_COLOUR('',#25);
#1709=FILL_AREA_STYLE('',(#1708));
#1710=SURFACE_STYLE_FILL_AREA(#1709);
#1711=SURFACE_SIDE_STYLE('',(#1710));
#1712=SURFACE_STYLE_USAGE(.POSITIVE.,#1711);
#1713=PRESENTATION_STYLE_ASSIGNMENT((#1712));
#1714=STYLED_ITEM('',(#1713),#1707);
#1715=CARTESIAN_POINT('',(4.357415841924E-1,1.334875376933E-1,
8.738875116531E-1));
#1716=CARTESIAN_POINT('',(6.654484935165E-1,1.412373346853E-1,
8.955940496806E-1));
#1717=CARTESIAN_POINT('',(8.735431933215E-1,1.076250747363E-1,
8.014488998748E-1));
#1718=CARTESIAN_POINT('',(9.991177855866E-1,4.248883687081E-2,
6.190077048777E-1));
#1719=CARTESIAN_POINT('',(4.357415841924E-1,-1.505129355875E-1,
9.752830456050E-1));
#1720=CARTESIAN_POINT('',(6.654484935165E-1,-1.592511647557E-1,
1.002876236556E0));
#1721=CARTESIAN_POINT('',(8.735431933215E-1,-1.213518971232E-1,
8.831996168936E-1));
#1722=CARTESIAN_POINT('',(9.991177855866E-1,-4.790798959687E-2,
6.512817161896E-1));
#1723=CARTESIAN_POINT('',(4.357415841924E-1,-3.970022595517E-1,
8.015581587845E-1));
#1724=CARTESIAN_POINT('',(6.654484935165E-1,-4.200507550895E-1,
8.190655197879E-1));
#1725=CARTESIAN_POINT('',(8.735431933215E-1,-3.200852948004E-1,
7.431329541122E-1));
#1726=CARTESIAN_POINT('',(9.991177855866E-1,-1.263650864711E-1,
5.959854053574E-1));
#1727=CARTESIAN_POINT('',(4.357415841924E-1,-3.970022595523E-1,
5.000000000007E-1));
#1728=CARTESIAN_POINT('',(6.654484935165E-1,-4.200507550901E-1,
5.000000000007E-1));
#1729=CARTESIAN_POINT('',(8.735431933215E-1,-3.200852948008E-1,
5.000000000005E-1));
#1730=CARTESIAN_POINT('',(9.991177855866E-1,-1.263650864713E-1,
5.000000000002E-1));
#1731=CARTESIAN_POINT('',(4.357415841924E-1,-3.970022595528E-1,
1.984418412168E-1));
#1732=CARTESIAN_POINT('',(6.654484935165E-1,-4.200507550906E-1,
1.809344802135E-1));
#1733=CARTESIAN_POINT('',(8.735431933215E-1,-3.200852948013E-1,
2.568670458889E-1));
#1734=CARTESIAN_POINT('',(9.991177855866E-1,-1.263650864715E-1,
4.040145946430E-1));
#1735=CARTESIAN_POINT('',(4.357415841924E-1,-1.505129355891E-1,
2.471695439554E-2));
#1736=CARTESIAN_POINT('',(6.654484935165E-1,-1.592511647575E-1,
-2.876236555480E-3));
#1737=CARTESIAN_POINT('',(8.735431933215E-1,-1.213518971245E-1,
1.168003831068E-1));
#1738=CARTESIAN_POINT('',(9.991177855866E-1,-4.790798959739E-2,
3.487182838106E-1));
#1739=CARTESIAN_POINT('',(4.357415841924E-1,1.334875376920E-1,
1.261124883464E-1));
#1740=CARTESIAN_POINT('',(6.654484935165E-1,1.412373346839E-1,
1.044059503189E-1));
#1741=CARTESIAN_POINT('',(8.735431933215E-1,1.076250747353E-1,
1.985511001248E-1));
#1742=CARTESIAN_POINT('',(9.991177855866E-1,4.248883687040E-2,
3.809922951221E-1));
#1743=(BOUNDED_SURFACE()B_SPLINE_SURFACE(3,3,((#1715,#1716,#1717,#1718),(#1719,
#1720,#1721,#1722),(#1723,#1724,#1725,#1726),(#1727,#1728,#1729,#1730),(#1731,
#1732,#1733,#1734),(#1735,#1736,#1737,#1738),(#1739,#1740,#1741,#1742)),
.UNSPECIFIED.,.F.,.F.,.F.)B_SPLINE_SURFACE_WITH_KNOTS((4,3,4),(4,4),(0.E0,1.E0,
2.E0),(0.E0,1.E0),.UNSPECIFIED.)GEOMETRIC_REPRESENTATION_ITEM()RATIONAL_B_SPLINE_SURFACE(((1.369147433780E0,1.235567398104E0,1.235567398104E0,1.369147433780E0),(
9.822179893558E-1,8.863884893157E-1,8.863884893157E-1,9.822179893558E-1),(
9.822179893558E-1,8.863884893157E-1,8.863884893157E-1,9.822179893558E-1),(
1.369147433780E0,1.235567398104E0,1.235567398104E0,1.369147433780E0),(
9.822179893558E-1,8.863884893157E-1,8.863884893157E-1,9.822179893558E-1),(
9.822179893558E-1,8.863884893157E-1,8.863884893157E-1,9.822179893558E-1),(
1.369147433780E0,1.235567398104E0,1.235567398104E0,1.369147433780E0)))REPRESENTATION_ITEM('')SURFACE());
#1744=ORIENTED_EDGE('',*,*,#1699,.T.);
#1745=ORIENTED_EDGE('',*,*,#1660,.T.);
#1746=ORIENTED_EDGE('',*,*,#1004,.F.);
#1747=ORIENTED_EDGE('',*,*,#1657,.F.);
#1748=EDGE_LOOP('',(#1744,#1745,#1746,#1747));
#1749=FACE_OUTER_BOUND('',#1748,.F.);
#1750=ADVANCED_FACE('',(#1749),#1743,.T.);
#1751=FILL_AREA_STYLE_COLOUR('',#1);
#1752=FILL_AREA_STYLE('',(#1751));
#1753=SURFACE_STYLE_FILL_AREA(#1752);
#1754=SURFACE_SIDE_STYLE('',(#1753));
#1755=SURFACE_STYLE_USAGE(.POSITIVE.,#1754);
#1756=PRESENTATION_STYLE_ASSIGNMENT((#1755));
#1757=STYLED_ITEM('',(#1756),#1750);
#1758=CARTESIAN_POINT('',(3.575E1,0.E0,0.E0));
#1759=DIRECTION('',(1.E0,0.E0,0.E0));
#1760=DIRECTION('',(0.E0,0.E0,1.E0));
#1761=AXIS2_PLACEMENT_3D('',#1758,#1759,#1760);
#1762=PLANE('',#1761);
#1763=ORIENTED_EDGE('',*,*,#1702,.F.);
#1764=ORIENTED_EDGE('',*,*,#1680,.F.);
#1765=EDGE_LOOP('',(#1763,#1764));
#1766=FACE_OUTER_BOUND('',#1765,.F.);
#1768=ORIENTED_EDGE('',*,*,#1767,.T.);
#1770=ORIENTED_EDGE('',*,*,#1769,.T.);
#1771=EDGE_LOOP('',(#1768,#1770));
#1772=FACE_BOUND('',#1771,.F.);
#1773=ADVANCED_FACE('',(#1766,#1772),#1762,.T.);
#1774=FILL_AREA_STYLE_COLOUR('',#25);
#1775=FILL_AREA_STYLE('',(#1774));
#1776=SURFACE_STYLE_FILL_AREA(#1775);
#1777=SURFACE_SIDE_STYLE('',(#1776));
#1778=SURFACE_STYLE_USAGE(.POSITIVE.,#1777);
#1779=PRESENTATION_STYLE_ASSIGNMENT((#1778));
#1780=STYLED_ITEM('',(#1779),#1773);
#1781=CARTESIAN_POINT('',(3.575E1,0.E0,0.E0));
#1782=DIRECTION('',(1.E0,0.E0,0.E0));
#1783=DIRECTION('',(0.E0,0.E0,1.E0));
#1784=AXIS2_PLACEMENT_3D('',#1781,#1782,#1783);
#1785=PLANE('',#1784);
#1787=ORIENTED_EDGE('',*,*,#1786,.F.);
#1789=ORIENTED_EDGE('',*,*,#1788,.F.);
#1790=EDGE_LOOP('',(#1787,#1789));
#1791=FACE_OUTER_BOUND('',#1790,.F.);
#1793=ORIENTED_EDGE('',*,*,#1792,.F.);
#1795=ORIENTED_EDGE('',*,*,#1794,.F.);
#1796=EDGE_LOOP('',(#1793,#1795));
#1797=FACE_BOUND('',#1796,.F.);
#1798=ADVANCED_FACE('',(#1791,#1797),#1785,.T.);
#1799=FILL_AREA_STYLE_COLOUR('',#25);
#1800=FILL_AREA_STYLE('',(#1799));
#1801=SURFACE_STYLE_FILL_AREA(#1800);
#1802=SURFACE_SIDE_STYLE('',(#1801));
#1803=SURFACE_STYLE_USAGE(.POSITIVE.,#1802);
#1804=PRESENTATION_STYLE_ASSIGNMENT((#1803));
#1805=STYLED_ITEM('',(#1804),#1798);
#1806=CARTESIAN_POINT('',(3.575E1,0.E0,-5.E-1));
#1807=DIRECTION('',(1.E0,0.E0,0.E0));
#1808=DIRECTION('',(0.E0,0.E0,1.E0));
#1809=AXIS2_PLACEMENT_3D('',#1806,#1807,#1808);
#1810=CYLINDRICAL_SURFACE('',#1809,1.75E-1);
#1812=ORIENTED_EDGE('',*,*,#1811,.F.);
#1814=ORIENTED_EDGE('',*,*,#1813,.F.);
#1815=ORIENTED_EDGE('',*,*,#1786,.T.);
#1817=ORIENTED_EDGE('',*,*,#1816,.T.);
#1818=EDGE_LOOP('',(#1812,#1814,#1815,#1817));
#1819=FACE_OUTER_BOUND('',#1818,.F.);
#1820=ADVANCED_FACE('',(#1819),#1810,.T.);
#1821=FILL_AREA_STYLE_COLOUR('',#25);
#1822=FILL_AREA_STYLE('',(#1821));
#1823=SURFACE_STYLE_FILL_AREA(#1822);
#1824=SURFACE_SIDE_STYLE('',(#1823));
#1825=SURFACE_STYLE_USAGE(.POSITIVE.,#1824);
#1826=PRESENTATION_STYLE_ASSIGNMENT((#1825));
#1827=STYLED_ITEM('',(#1826),#1820);
#1828=CARTESIAN_POINT('',(4.357415833958E-1,1.334875376934E-1,
-1.261124883469E-1));
#1829=CARTESIAN_POINT('',(6.654484927199E-1,1.412373346853E-1,
-1.044059503194E-1));
#1830=CARTESIAN_POINT('',(8.735431925249E-1,1.076250747364E-1,
-1.985511001252E-1));
#1831=CARTESIAN_POINT('',(9.991177847900E-1,4.248883687083E-2,
-3.809922951223E-1));
#1832=CARTESIAN_POINT('',(4.357415833958E-1,-1.505129355874E-1,
-2.471695439500E-2));
#1833=CARTESIAN_POINT('',(6.654484927199E-1,-1.592511647556E-1,
2.876236556054E-3));
#1834=CARTESIAN_POINT('',(8.735431925249E-1,-1.213518971231E-1,
-1.168003831064E-1));
#1835=CARTESIAN_POINT('',(9.991177847900E-1,-4.790798959685E-2,
-3.487182838104E-1));
#1836=CARTESIAN_POINT('',(4.357415833958E-1,-3.970022595517E-1,
-1.984418412154E-1));
#1837=CARTESIAN_POINT('',(6.654484927199E-1,-4.200507550895E-1,
-1.809344802120E-1));
#1838=CARTESIAN_POINT('',(8.735431925249E-1,-3.200852948004E-1,
-2.568670458878E-1));
#1839=CARTESIAN_POINT('',(9.991177847900E-1,-1.263650864711E-1,
-4.040145946426E-1));
#1840=CARTESIAN_POINT('',(4.357415833958E-1,-3.970022595523E-1,
-4.999999999992E-1));
#1841=CARTESIAN_POINT('',(6.654484927199E-1,-4.200507550901E-1,
-4.999999999992E-1));
#1842=CARTESIAN_POINT('',(8.735431925249E-1,-3.200852948008E-1,
-4.999999999994E-1));
#1843=CARTESIAN_POINT('',(9.991177847900E-1,-1.263650864713E-1,
-4.999999999998E-1));
#1844=CARTESIAN_POINT('',(4.357415833958E-1,-3.970022595528E-1,
-8.015581587831E-1));
#1845=CARTESIAN_POINT('',(6.654484927199E-1,-4.200507550907E-1,
-8.190655197864E-1));
#1846=CARTESIAN_POINT('',(8.735431925249E-1,-3.200852948013E-1,
-7.431329541110E-1));
#1847=CARTESIAN_POINT('',(9.991177847900E-1,-1.263650864715E-1,
-5.959854053570E-1));
#1848=CARTESIAN_POINT('',(4.357415833958E-1,-1.505129355892E-1,
-9.752830456044E-1));
#1849=CARTESIAN_POINT('',(6.654484927199E-1,-1.592511647575E-1,
-1.002876236555E0));
#1850=CARTESIAN_POINT('',(8.735431925249E-1,-1.213518971246E-1,
-8.831996168932E-1));
#1851=CARTESIAN_POINT('',(9.991177847900E-1,-4.790798959742E-2,
-6.512817161894E-1));
#1852=CARTESIAN_POINT('',(4.357415833958E-1,1.334875376920E-1,
-8.738875116536E-1));
#1853=CARTESIAN_POINT('',(6.654484927199E-1,1.412373346839E-1,
-8.955940496812E-1));
#1854=CARTESIAN_POINT('',(8.735431925249E-1,1.076250747353E-1,
-8.014488998752E-1));
#1855=CARTESIAN_POINT('',(9.991177847900E-1,4.248883687038E-2,
-6.190077048779E-1));
#1856=(BOUNDED_SURFACE()B_SPLINE_SURFACE(3,3,((#1828,#1829,#1830,#1831),(#1832,
#1833,#1834,#1835),(#1836,#1837,#1838,#1839),(#1840,#1841,#1842,#1843),(#1844,
#1845,#1846,#1847),(#1848,#1849,#1850,#1851),(#1852,#1853,#1854,#1855)),
.UNSPECIFIED.,.F.,.F.,.F.)B_SPLINE_SURFACE_WITH_KNOTS((4,3,4),(4,4),(0.E0,1.E0,
2.E0),(0.E0,1.E0),.UNSPECIFIED.)GEOMETRIC_REPRESENTATION_ITEM()RATIONAL_B_SPLINE_SURFACE(((1.369147433780E0,1.235567398104E0,1.235567398104E0,1.369147433780E0),(
9.822179893558E-1,8.863884893157E-1,8.863884893157E-1,9.822179893558E-1),(
9.822179893558E-1,8.863884893157E-1,8.863884893157E-1,9.822179893558E-1),(
1.369147433780E0,1.235567398104E0,1.235567398104E0,1.369147433780E0),(
9.822179893558E-1,8.863884893157E-1,8.863884893157E-1,9.822179893558E-1),(
9.822179893558E-1,8.863884893157E-1,8.863884893157E-1,9.822179893558E-1),(
1.369147433780E0,1.235567398104E0,1.235567398104E0,1.369147433780E0)))REPRESENTATION_ITEM('')SURFACE());
#1857=ORIENTED_EDGE('',*,*,#1811,.T.);
#1859=ORIENTED_EDGE('',*,*,#1858,.T.);
#1861=ORIENTED_EDGE('',*,*,#1860,.F.);
#1863=ORIENTED_EDGE('',*,*,#1862,.F.);
#1864=EDGE_LOOP('',(#1857,#1859,#1861,#1863));
#1865=FACE_OUTER_BOUND('',#1864,.F.);
#1866=ADVANCED_FACE('',(#1865),#1856,.T.);
#1867=FILL_AREA_STYLE_COLOUR('',#1);
#1868=FILL_AREA_STYLE('',(#1867));
#1869=SURFACE_STYLE_FILL_AREA(#1868);
#1870=SURFACE_SIDE_STYLE('',(#1869));
#1871=SURFACE_STYLE_USAGE(.POSITIVE.,#1870);
#1872=PRESENTATION_STYLE_ASSIGNMENT((#1871));
#1873=STYLED_ITEM('',(#1872),#1866);
#1874=CARTESIAN_POINT('',(4.357415833958E-1,-1.334875376934E-1,
-8.738875116531E-1));
#1875=CARTESIAN_POINT('',(6.654484927199E-1,-1.412373346854E-1,
-8.955940496806E-1));
#1876=CARTESIAN_POINT('',(8.735431925249E-1,-1.076250747364E-1,
-8.014488998748E-1));
#1877=CARTESIAN_POINT('',(9.991177847900E-1,-4.248883687083E-2,
-6.190077048777E-1));
#1878=CARTESIAN_POINT('',(4.357415833958E-1,1.505129355874E-1,
-9.752830456050E-1));
#1879=CARTESIAN_POINT('',(6.654484927199E-1,1.592511647556E-1,
-1.002876236556E0));
#1880=CARTESIAN_POINT('',(8.735431925249E-1,1.213518971231E-1,
-8.831996168936E-1));
#1881=CARTESIAN_POINT('',(9.991177847900E-1,4.790798959685E-2,
-6.512817161896E-1));
#1882=CARTESIAN_POINT('',(4.357415833958E-1,3.970022595517E-1,
-8.015581587846E-1));
#1883=CARTESIAN_POINT('',(6.654484927199E-1,4.200507550895E-1,
-8.190655197880E-1));
#1884=CARTESIAN_POINT('',(8.735431925249E-1,3.200852948004E-1,
-7.431329541122E-1));
#1885=CARTESIAN_POINT('',(9.991177847900E-1,1.263650864711E-1,
-5.959854053574E-1));
#1886=CARTESIAN_POINT('',(4.357415833958E-1,3.970022595523E-1,
-5.000000000008E-1));
#1887=CARTESIAN_POINT('',(6.654484927199E-1,4.200507550901E-1,
-5.000000000008E-1));
#1888=CARTESIAN_POINT('',(8.735431925249E-1,3.200852948008E-1,
-5.000000000006E-1));
#1889=CARTESIAN_POINT('',(9.991177847900E-1,1.263650864713E-1,
-5.000000000002E-1));
#1890=CARTESIAN_POINT('',(4.357415833958E-1,3.970022595528E-1,
-1.984418412169E-1));
#1891=CARTESIAN_POINT('',(6.654484927199E-1,4.200507550907E-1,
-1.809344802136E-1));
#1892=CARTESIAN_POINT('',(8.735431925249E-1,3.200852948013E-1,
-2.568670458890E-1));
#1893=CARTESIAN_POINT('',(9.991177847900E-1,1.263650864715E-1,
-4.040145946430E-1));
#1894=CARTESIAN_POINT('',(4.357415833958E-1,1.505129355892E-1,
-2.471695439557E-2));
#1895=CARTESIAN_POINT('',(6.654484927199E-1,1.592511647576E-1,
2.876236555449E-3));
#1896=CARTESIAN_POINT('',(8.735431925249E-1,1.213518971246E-1,
-1.168003831068E-1));
#1897=CARTESIAN_POINT('',(9.991177847900E-1,4.790798959742E-2,
-3.487182838106E-1));
#1898=CARTESIAN_POINT('',(4.357415833958E-1,-1.334875376920E-1,
-1.261124883464E-1));
#1899=CARTESIAN_POINT('',(6.654484927199E-1,-1.412373346838E-1,
-1.044059503188E-1));
#1900=CARTESIAN_POINT('',(8.735431925249E-1,-1.076250747352E-1,
-1.985511001248E-1));
#1901=CARTESIAN_POINT('',(9.991177847900E-1,-4.248883687038E-2,
-3.809922951221E-1));
#1902=(BOUNDED_SURFACE()B_SPLINE_SURFACE(3,3,((#1874,#1875,#1876,#1877),(#1878,
#1879,#1880,#1881),(#1882,#1883,#1884,#1885),(#1886,#1887,#1888,#1889),(#1890,
#1891,#1892,#1893),(#1894,#1895,#1896,#1897),(#1898,#1899,#1900,#1901)),
.UNSPECIFIED.,.F.,.F.,.F.)B_SPLINE_SURFACE_WITH_KNOTS((4,3,4),(4,4),(0.E0,1.E0,
2.E0),(0.E0,1.E0),.UNSPECIFIED.)GEOMETRIC_REPRESENTATION_ITEM()RATIONAL_B_SPLINE_SURFACE(((1.369147433780E0,1.235567398104E0,1.235567398104E0,1.369147433780E0),(
9.822179893558E-1,8.863884893157E-1,8.863884893157E-1,9.822179893558E-1),(
9.822179893558E-1,8.863884893157E-1,8.863884893157E-1,9.822179893558E-1),(
1.369147433780E0,1.235567398104E0,1.235567398104E0,1.369147433780E0),(
9.822179893558E-1,8.863884893157E-1,8.863884893157E-1,9.822179893558E-1),(
9.822179893558E-1,8.863884893157E-1,8.863884893157E-1,9.822179893558E-1),(
1.369147433780E0,1.235567398104E0,1.235567398104E0,1.369147433780E0)))REPRESENTATION_ITEM('')SURFACE());
#1904=ORIENTED_EDGE('',*,*,#1903,.T.);
#1905=ORIENTED_EDGE('',*,*,#1862,.T.);
#1906=ORIENTED_EDGE('',*,*,#1318,.F.);
#1907=ORIENTED_EDGE('',*,*,#1858,.F.);
#1908=EDGE_LOOP('',(#1904,#1905,#1906,#1907));
#1909=FACE_OUTER_BOUND('',#1908,.F.);
#1910=ADVANCED_FACE('',(#1909),#1902,.T.);
#1911=FILL_AREA_STYLE_COLOUR('',#1);
#1912=FILL_AREA_STYLE('',(#1911));
#1913=SURFACE_STYLE_FILL_AREA(#1912);
#1914=SURFACE_SIDE_STYLE('',(#1913));
#1915=SURFACE_STYLE_USAGE(.POSITIVE.,#1914);
#1916=PRESENTATION_STYLE_ASSIGNMENT((#1915));
#1917=STYLED_ITEM('',(#1916),#1910);
#1918=CARTESIAN_POINT('',(3.575E1,0.E0,-5.E-1));
#1919=DIRECTION('',(1.E0,0.E0,0.E0));
#1920=DIRECTION('',(0.E0,0.E0,1.E0));
#1921=AXIS2_PLACEMENT_3D('',#1918,#1919,#1920);
#1922=CYLINDRICAL_SURFACE('',#1921,1.75E-1);
#1923=ORIENTED_EDGE('',*,*,#1903,.F.);
#1924=ORIENTED_EDGE('',*,*,#1816,.F.);
#1925=ORIENTED_EDGE('',*,*,#1788,.T.);
#1926=ORIENTED_EDGE('',*,*,#1813,.T.);
#1927=EDGE_LOOP('',(#1923,#1924,#1925,#1926));
#1928=FACE_OUTER_BOUND('',#1927,.F.);
#1929=ADVANCED_FACE('',(#1928),#1922,.T.);
#1930=FILL_AREA_STYLE_COLOUR('',#25);
#1931=FILL_AREA_STYLE('',(#1930));
#1932=SURFACE_STYLE_FILL_AREA(#1931);
#1933=SURFACE_SIDE_STYLE('',(#1932));
#1934=SURFACE_STYLE_USAGE(.POSITIVE.,#1933);
#1935=PRESENTATION_STYLE_ASSIGNMENT((#1934));
#1936=STYLED_ITEM('',(#1935),#1929);
#1937=CARTESIAN_POINT('',(0.E0,0.E0,-5.E-1));
#1938=DIRECTION('',(1.E0,0.E0,0.E0));
#1939=DIRECTION('',(0.E0,0.E0,-1.E0));
#1940=AXIS2_PLACEMENT_3D('',#1937,#1938,#1939);
#1941=CYLINDRICAL_SURFACE('',#1940,4.E-1);
#1942=ORIENTED_EDGE('',*,*,#1265,.F.);
#1943=ORIENTED_EDGE('',*,*,#1287,.F.);
#1944=ORIENTED_EDGE('',*,*,#1320,.T.);
#1945=ORIENTED_EDGE('',*,*,#1860,.T.);
#1946=ORIENTED_EDGE('',*,*,#1316,.F.);
#1948=ORIENTED_EDGE('',*,*,#1947,.F.);
#1950=ORIENTED_EDGE('',*,*,#1949,.F.);
#1951=EDGE_LOOP('',(#1942,#1943,#1944,#1945,#1946,#1948,#1950));
#1952=FACE_OUTER_BOUND('',#1951,.F.);
#1953=ADVANCED_FACE('',(#1952),#1941,.T.);
#1954=FILL_AREA_STYLE_COLOUR('',#1);
#1955=FILL_AREA_STYLE('',(#1954));
#1956=SURFACE_STYLE_FILL_AREA(#1955);
#1957=SURFACE_SIDE_STYLE('',(#1956));
#1958=SURFACE_STYLE_USAGE(.POSITIVE.,#1957);
#1959=PRESENTATION_STYLE_ASSIGNMENT((#1958));
#1960=STYLED_ITEM('',(#1959),#1953);
#1961=CARTESIAN_POINT('',(6.084534800601E-2,4.059513822211E-1,
-4.556431395646E-1));
#1962=CARTESIAN_POINT('',(-9.794419598130E-1,2.851806537613E-1,
-7.102703049685E-1));
#1963=CARTESIAN_POINT('',(-2.019729267632E0,1.640877837255E-1,
-9.640444204769E-1));
#1964=CARTESIAN_POINT('',(-3.060016575451E0,4.331688421614E-2,
-1.218671132931E0));
#1965=CARTESIAN_POINT('',(6.084534800601E-2,4.125593606489E-1,
-5.153771061646E-1));
#1966=CARTESIAN_POINT('',(-9.794419598130E-1,2.548798722754E-1,
-7.503415954567E-1));
#1967=CARTESIAN_POINT('',(-2.019729267632E0,9.771282043056E-2,
-9.866631357320E-1));
#1968=CARTESIAN_POINT('',(-3.060016575451E0,-5.996639585102E-2,
-1.221628345587E0));
#1969=CARTESIAN_POINT('',(6.084534800601E-2,3.996185310254E-1,
-6.305217334017E-1));
#1970=CARTESIAN_POINT('',(-9.794419598130E-1,1.852956403129E-1,
-8.218120640672E-1));
#1971=CARTESIAN_POINT('',(-2.019729267632E0,-2.922362925100E-2,
-1.012581482556E0));
#1972=CARTESIAN_POINT('',(-3.060016575451E0,-2.435466242361E-1,
-1.203871536629E0));
#1973=CARTESIAN_POINT('',(6.084534800601E-2,3.110447827763E-1,
-7.784001165921E-1));
#1974=CARTESIAN_POINT('',(-9.794419598130E-1,4.446650274278E-2,
-8.934333845442E-1));
#1975=CARTESIAN_POINT('',(-2.019729267632E0,-2.220641647281E-1,
-1.008595204555E0));
#1976=CARTESIAN_POINT('',(-3.060016575451E0,-4.886424194805E-1,
-1.123628540765E0));
#1977=CARTESIAN_POINT('',(6.084534800601E-2,1.784320154491E-1,
-8.753298025805E-1));
#1978=CARTESIAN_POINT('',(-9.794419598130E-1,-1.127869066702E-1,
-9.194307672501E-1));
#1979=CARTESIAN_POINT('',(-2.019729267632E0,-4.040151317856E-1,
-9.634978919047E-1));
#1980=CARTESIAN_POINT('',(-3.060016575451E0,-6.952340588446E-1,
-1.007598838606E0));
#1981=CARTESIAN_POINT('',(6.084534800601E-2,1.738582429076E-2,
-9.121371394075E-1));
#1982=CARTESIAN_POINT('',(-9.794419598130E-1,-2.798635260849E-1,
-8.934714086762E-1));
#1983=CARTESIAN_POINT('',(-2.019729267632E0,-5.771232770390E-1,
-8.748124859469E-1));
#1984=CARTESIAN_POINT('',(-3.060016575451E0,-8.743726329371E-1,
-8.561467588305E-1));
#1985=CARTESIAN_POINT('',(6.084534800601E-2,-1.442870914014E-1,
-8.819550449897E-1));
#1986=CARTESIAN_POINT('',(-9.794419598130E-1,-4.368528132557E-1,
-8.127818946469E-1));
#1987=CARTESIAN_POINT('',(-2.019729267632E0,-7.293676298001E-1,
-7.436153523117E-1));
#1988=CARTESIAN_POINT('',(-3.060016575451E0,-1.021933324625E0,
-6.744422054776E-1));
#1989=CARTESIAN_POINT('',(6.084534800601E-2,-2.787943643938E-1,
-7.914529926399E-1));
#1990=CARTESIAN_POINT('',(-9.794419598130E-1,-5.636063143429E-1,
-6.833212645097E-1));
#1991=CARTESIAN_POINT('',(-2.019729267632E0,-8.486114849531E-1,
-5.751562963472E-1));
#1992=CARTESIAN_POINT('',(-3.060016575451E0,-1.133423537498E0,
-4.670245505674E-1));
#1993=CARTESIAN_POINT('',(6.084534800601E-2,-3.966276248644E-1,
-6.101943912538E-1));
#1994=CARTESIAN_POINT('',(-9.794419598130E-1,-6.748565765846E-1,
-4.581352643343E-1));
#1995=CARTESIAN_POINT('',(-2.019729267632E0,-9.520275850694E-1,
-3.062610752433E-1));
#1996=CARTESIAN_POINT('',(-3.060016575451E0,-1.230255975046E0,
-1.542020465215E-1));
#1997=CARTESIAN_POINT('',(6.084534800601E-2,-3.925668905510E-1,
-4.452946731853E-1));
#1998=CARTESIAN_POINT('',(-9.794419598130E-1,-6.701911759769E-1,
-2.605114979928E-1));
#1999=CARTESIAN_POINT('',(-2.019729267632E0,-9.527553946094E-1,
-7.486298704231E-2));
#2000=CARTESIAN_POINT('',(-3.060016575451E0,-1.230382303025E0,
1.099206476234E-1));
#2001=CARTESIAN_POINT('',(6.084534800601E-2,-3.498157694582E-1,
-3.590180696335E-1));
#2002=CARTESIAN_POINT('',(-9.794419598130E-1,-6.362711341562E-1,
-1.398162833917E-1));
#2003=CARTESIAN_POINT('',(-2.019729267632E0,-9.032180881893E-1,
7.596723831108E-2));
#2004=CARTESIAN_POINT('',(-3.060016575451E0,-1.189663094375E0,
2.951672095340E-1));
#2005=B_SPLINE_SURFACE_WITH_KNOTS('',3,3,((#1961,#1962,#1963,#1964),(#1965,
#1966,#1967,#1968),(#1969,#1970,#1971,#1972),(#1973,#1974,#1975,#1976),(#1977,
#1978,#1979,#1980),(#1981,#1982,#1983,#1984),(#1985,#1986,#1987,#1988),(#1989,
#1990,#1991,#1992),(#1993,#1994,#1995,#1996),(#1997,#1998,#1999,#2000),(#2001,
#2002,#2003,#2004)),.UNSPECIFIED.,.F.,.F.,.F.,(4,1,1,1,1,1,1,1,4),(4,4),(
-2.496875956022E-2,1.25E-1,2.5E-1,3.75E-1,5.E-1,6.25E-1,7.5E-1,8.75E-1,
1.137661154397E0),(-6.084534800601E-2,3.060016575451E0),.UNSPECIFIED.);
#2006=ORIENTED_EDGE('',*,*,#1267,.F.);
#2007=ORIENTED_EDGE('',*,*,#1949,.T.);
#2008=ORIENTED_EDGE('',*,*,#1947,.T.);
#2009=ORIENTED_EDGE('',*,*,#1314,.T.);
#2011=ORIENTED_EDGE('',*,*,#2010,.T.);
#2013=ORIENTED_EDGE('',*,*,#2012,.T.);
#2015=ORIENTED_EDGE('',*,*,#2014,.F.);
#2016=ORIENTED_EDGE('',*,*,#1194,.F.);
#2017=EDGE_LOOP('',(#2006,#2007,#2008,#2009,#2011,#2013,#2015,#2016));
#2018=FACE_OUTER_BOUND('',#2017,.F.);
#2019=ADVANCED_FACE('',(#2018),#2005,.T.);
#2020=FILL_AREA_STYLE_COLOUR('',#1);
#2021=FILL_AREA_STYLE('',(#2020));
#2022=SURFACE_STYLE_FILL_AREA(#2021);
#2023=SURFACE_SIDE_STYLE('',(#2022));
#2024=SURFACE_STYLE_USAGE(.POSITIVE.,#2023);
#2025=PRESENTATION_STYLE_ASSIGNMENT((#2024));
#2026=STYLED_ITEM('',(#2025),#2019);
#2027=CARTESIAN_POINT('',(6.E-2,3.839428723448E-1,5.396006121393E-1));
#2028=CARTESIAN_POINT('',(-9.8E-1,6.622449712929E-1,3.732966857154E-1));
#2029=CARTESIAN_POINT('',(-2.02E0,9.416768019270E-1,2.067934639002E-1));
#2030=CARTESIAN_POINT('',(-3.06E0,1.219978900875E0,4.048953747626E-2));
#2031=CARTESIAN_POINT('',(6.E-2,3.837185978541E-1,4.415669929517E-1));
#2032=CARTESIAN_POINT('',(-9.8E-1,6.659912624243E-1,2.526447013459E-1));
#2033=CARTESIAN_POINT('',(-2.02E0,9.450141733198E-1,6.429966068725E-2));
#2034=CARTESIAN_POINT('',(-3.06E0,1.227286837890E0,-1.246226309185E-1));
#2035=CARTESIAN_POINT('',(6.E-2,3.848573740462E-1,2.673576212380E-1));
#2036=CARTESIAN_POINT('',(-9.8E-1,6.473034008118E-1,2.528565637446E-2));
#2037=CARTESIAN_POINT('',(-2.02E0,9.111272262489E-1,-2.170997016924E-1));
#2038=CARTESIAN_POINT('',(-3.06E0,1.173573253015E0,-4.591716665560E-1));
#2039=CARTESIAN_POINT('',(6.E-2,3.904748952355E-1,1.722518196104E-2));
#2040=CARTESIAN_POINT('',(-9.8E-1,5.555849441807E-1,-2.864012777022E-1));
#2041=CARTESIAN_POINT('',(-2.02E0,7.202613157495E-1,-5.897363923076E-1));
#2042=CARTESIAN_POINT('',(-3.06E0,8.853713646947E-1,-8.933628519709E-1));
#2043=CARTESIAN_POINT('',(6.E-2,3.991079153281E-1,-2.346665797606E-1));
#2044=CARTESIAN_POINT('',(-9.8E-1,4.145620781165E-1,-5.483523212566E-1));
#2045=CARTESIAN_POINT('',(-2.02E0,4.304712604552E-1,-8.629562042912E-1));
#2046=CARTESIAN_POINT('',(-3.06E0,4.459254232436E-1,-1.176641945787E0));
#2047=CARTESIAN_POINT('',(6.E-2,4.057176885622E-1,-4.153167111452E-1));
#2048=CARTESIAN_POINT('',(-9.8E-1,3.066268386405E-1,-6.865032553119E-1));
#2049=CARTESIAN_POINT('',(-2.02E0,2.067062563641E-1,-9.555238301545E-1));
#2050=CARTESIAN_POINT('',(-3.06E0,1.076154064424E-1,-1.226710374321E0));
#2051=CARTESIAN_POINT('',(6.E-2,4.090181455884E-1,-5.168680941965E-1));
#2052=CARTESIAN_POINT('',(-9.8E-1,2.526981244412E-1,-7.501098825572E-1));
#2053=CARTESIAN_POINT('',(-2.02E0,9.666769192453E-2,-9.841131607318E-1));
#2054=CARTESIAN_POINT('',(-3.06E0,-5.965232922271E-2,-1.217354949092E0));
#2055=B_SPLINE_SURFACE_WITH_KNOTS('',3,3,((#2027,#2028,#2029,#2030),(#2031,
#2032,#2033,#2034),(#2035,#2036,#2037,#2038),(#2039,#2040,#2041,#2042),(#2043,
#2044,#2045,#2046),(#2047,#2048,#2049,#2050),(#2051,#2052,#2053,#2054)),
.UNSPECIFIED.,.F.,.F.,.F.,(4,1,1,1,4),(4,4),(-2.817569742752E-2,2.5E-1,5.E-1,
7.5E-1,1.028487036755E0),(-6.E-2,3.06E0),.UNSPECIFIED.);
#2056=ORIENTED_EDGE('',*,*,#1312,.F.);
#2057=ORIENTED_EDGE('',*,*,#1423,.F.);
#2058=ORIENTED_EDGE('',*,*,#1520,.T.);
#2060=ORIENTED_EDGE('',*,*,#2059,.T.);
#2062=ORIENTED_EDGE('',*,*,#2061,.T.);
#2063=ORIENTED_EDGE('',*,*,#2010,.F.);
#2064=EDGE_LOOP('',(#2056,#2057,#2058,#2060,#2062,#2063));
#2065=FACE_OUTER_BOUND('',#2064,.F.);
#2066=ADVANCED_FACE('',(#2065),#2055,.T.);
#2067=FILL_AREA_STYLE_COLOUR('',#1);
#2068=FILL_AREA_STYLE('',(#2067));
#2069=SURFACE_STYLE_FILL_AREA(#2068);
#2070=SURFACE_SIDE_STYLE('',(#2069));
#2071=SURFACE_STYLE_USAGE(.POSITIVE.,#2070);
#2072=PRESENTATION_STYLE_ASSIGNMENT((#2071));
#2073=STYLED_ITEM('',(#2072),#2066);
#2074=CARTESIAN_POINT('',(6.084534800601E-2,-4.061073019822E-1,
4.570768949163E-1));
#2075=CARTESIAN_POINT('',(-9.794419598130E-1,-2.844521922788E-1,
7.112315055181E-1));
#2076=CARTESIAN_POINT('',(-2.019729267632E0,-1.624947311016E-1,
9.645854735948E-1));
#2077=CARTESIAN_POINT('',(-3.060016575451E0,-4.083946085671E-2,
1.218739659074E0));
#2078=CARTESIAN_POINT('',(6.084534800601E-2,-4.124455558922E-1,
5.163813414810E-1));
#2079=CARTESIAN_POINT('',(-9.794419598130E-1,-2.542723193888E-1,
7.509646622668E-1));
#2080=CARTESIAN_POINT('',(-2.019729267632E0,-9.660535256990E-2,
9.868886953977E-1));
#2081=CARTESIAN_POINT('',(-3.060016575451E0,6.156761511611E-2,
1.221472728071E0));
#2082=CARTESIAN_POINT('',(6.084534800601E-2,-3.993529267645E-1,
6.309651732407E-1));
#2083=CARTESIAN_POINT('',(-9.794419598130E-1,-1.848733389004E-1,
8.220268334347E-1));
#2084=CARTESIAN_POINT('',(-2.019729267632E0,2.980189616312E-2,
1.012569528986E0));
#2085=CARTESIAN_POINT('',(-3.060016575451E0,2.442815879114E-1,
1.203630913622E0));
#2086=CARTESIAN_POINT('',(6.084534800601E-2,-3.110447827763E-1,
7.784001165921E-1));
#2087=CARTESIAN_POINT('',(-9.794419598130E-1,-4.446650274278E-2,
8.934333845442E-1));
#2088=CARTESIAN_POINT('',(-2.019729267632E0,2.220641647281E-1,
1.008595204555E0));
#2089=CARTESIAN_POINT('',(-3.060016575451E0,4.886424194805E-1,
1.123628540765E0));
#2090=CARTESIAN_POINT('',(6.084534800601E-2,-1.784320154491E-1,
8.753298025805E-1));
#2091=CARTESIAN_POINT('',(-9.794419598130E-1,1.127869066702E-1,
9.194307672501E-1));
#2092=CARTESIAN_POINT('',(-2.019729267632E0,4.040151317856E-1,
9.634978919047E-1));
#2093=CARTESIAN_POINT('',(-3.060016575451E0,6.952340588446E-1,
1.007598838606E0));
#2094=CARTESIAN_POINT('',(6.084534800601E-2,-1.738582429076E-2,
9.121371394075E-1));
#2095=CARTESIAN_POINT('',(-9.794419598130E-1,2.798635260849E-1,
8.934714086762E-1));
#2096=CARTESIAN_POINT('',(-2.019729267632E0,5.771232770390E-1,
8.748124859469E-1));
#2097=CARTESIAN_POINT('',(-3.060016575451E0,8.743726329371E-1,
8.561467588305E-1));
#2098=CARTESIAN_POINT('',(6.084534800601E-2,1.442870914014E-1,
8.819550449897E-1));
#2099=CARTESIAN_POINT('',(-9.794419598130E-1,4.368528132557E-1,
8.127818946469E-1));
#2100=CARTESIAN_POINT('',(-2.019729267632E0,7.293676298001E-1,
7.436153523117E-1));
#2101=CARTESIAN_POINT('',(-3.060016575451E0,1.021933324625E0,
6.744422054776E-1));
#2102=CARTESIAN_POINT('',(6.084534800601E-2,2.787943643938E-1,
7.914529926399E-1));
#2103=CARTESIAN_POINT('',(-9.794419598130E-1,5.636063143429E-1,
6.833212645097E-1));
#2104=CARTESIAN_POINT('',(-2.019729267632E0,8.486114849531E-1,
5.751562963472E-1));
#2105=CARTESIAN_POINT('',(-3.060016575451E0,1.133423537498E0,
4.670245505674E-1));
#2106=CARTESIAN_POINT('',(6.084534800601E-2,3.705029465095E-1,
6.503810299105E-1));
#2107=CARTESIAN_POINT('',(-9.794419598130E-1,6.501914072906E-1,
5.080609966880E-1));
#2108=CARTESIAN_POINT('',(-2.019729267632E0,9.290993189630E-1,
3.658775293282E-1));
#2109=CARTESIAN_POINT('',(-3.060016575451E0,1.208787365291E0,
2.235575686189E-1));
#2110=CARTESIAN_POINT('',(6.084534800601E-2,3.869393016871E-1,
5.395982682447E-1));
#2111=CARTESIAN_POINT('',(-9.794419598130E-1,6.652941062499E-1,
3.740467086606E-1));
#2112=CARTESIAN_POINT('',(-2.019729267632E0,9.456686515220E-1,
2.081412203203E-1));
#2113=CARTESIAN_POINT('',(-3.060016575451E0,1.224024528520E0,
4.258947280822E-2));
#2114=CARTESIAN_POINT('',(6.084534800601E-2,3.826199535621E-1,
4.822217196217E-1));
#2115=CARTESIAN_POINT('',(-9.794419598130E-1,6.622159387973E-1,
3.018329754043E-1));
#2116=CARTESIAN_POINT('',(-2.019729267632E0,9.405936134249E-1,
1.216577343777E-1));
#2117=CARTESIAN_POINT('',(-3.060016575451E0,1.220188951766E0,
-5.873089647446E-2));
#2118=B_SPLINE_SURFACE_WITH_KNOTS('',3,3,((#2074,#2075,#2076,#2077),(#2078,
#2079,#2080,#2081),(#2082,#2083,#2084,#2085),(#2086,#2087,#2088,#2089),(#2090,
#2091,#2092,#2093),(#2094,#2095,#2096,#2097),(#2098,#2099,#2100,#2101),(#2102,
#2103,#2104,#2105),(#2106,#2107,#2108,#2109),(#2110,#2111,#2112,#2113),(#2114,
#2115,#2116,#2117)),.UNSPECIFIED.,.F.,.F.,.F.,(4,1,1,1,1,1,1,1,4),(4,4),(
-2.376938154063E-2,1.25E-1,2.5E-1,3.75E-1,5.E-1,6.25E-1,7.5E-1,8.75E-1,
1.023999632088E0),(-6.084534800601E-2,3.060016575451E0),.UNSPECIFIED.);
#2119=ORIENTED_EDGE('',*,*,#1518,.F.);
#2120=ORIENTED_EDGE('',*,*,#1588,.F.);
#2121=ORIENTED_EDGE('',*,*,#1614,.T.);
#2122=ORIENTED_EDGE('',*,*,#1612,.T.);
#2123=ORIENTED_EDGE('',*,*,#1000,.T.);
#2125=ORIENTED_EDGE('',*,*,#2124,.T.);
#2127=ORIENTED_EDGE('',*,*,#2126,.T.);
#2128=ORIENTED_EDGE('',*,*,#2059,.F.);
#2129=EDGE_LOOP('',(#2119,#2120,#2121,#2122,#2123,#2125,#2127,#2128));
#2130=FACE_OUTER_BOUND('',#2129,.F.);
#2131=ADVANCED_FACE('',(#2130),#2118,.T.);
#2132=FILL_AREA_STYLE_COLOUR('',#1);
#2133=FILL_AREA_STYLE('',(#2132));
#2134=SURFACE_STYLE_FILL_AREA(#2133);
#2135=SURFACE_SIDE_STYLE('',(#2134));
#2136=SURFACE_STYLE_USAGE(.POSITIVE.,#2135);
#2137=PRESENTATION_STYLE_ASSIGNMENT((#2136));
#2138=STYLED_ITEM('',(#2137),#2131);
#2139=CARTESIAN_POINT('',(6.E-2,-3.839428723448E-1,-5.396006121393E-1));
#2140=CARTESIAN_POINT('',(-9.8E-1,-6.622449712929E-1,-3.732966857154E-1));
#2141=CARTESIAN_POINT('',(-2.02E0,-9.416768019270E-1,-2.067934639002E-1));
#2142=CARTESIAN_POINT('',(-3.06E0,-1.219978900875E0,-4.048953747626E-2));
#2143=CARTESIAN_POINT('',(6.E-2,-3.837185978541E-1,-4.415669929517E-1));
#2144=CARTESIAN_POINT('',(-9.8E-1,-6.659912624243E-1,-2.526447013459E-1));
#2145=CARTESIAN_POINT('',(-2.02E0,-9.450141733198E-1,-6.429966068725E-2));
#2146=CARTESIAN_POINT('',(-3.06E0,-1.227286837890E0,1.246226309185E-1));
#2147=CARTESIAN_POINT('',(6.E-2,-3.848573740462E-1,-2.673576212380E-1));
#2148=CARTESIAN_POINT('',(-9.8E-1,-6.473034008118E-1,-2.528565637446E-2));
#2149=CARTESIAN_POINT('',(-2.02E0,-9.111272262489E-1,2.170997016924E-1));
#2150=CARTESIAN_POINT('',(-3.06E0,-1.173573253015E0,4.591716665560E-1));
#2151=CARTESIAN_POINT('',(6.E-2,-3.904748952355E-1,-1.722518196104E-2));
#2152=CARTESIAN_POINT('',(-9.8E-1,-5.555849441807E-1,2.864012777022E-1));
#2153=CARTESIAN_POINT('',(-2.02E0,-7.202613157495E-1,5.897363923076E-1));
#2154=CARTESIAN_POINT('',(-3.06E0,-8.853713646947E-1,8.933628519709E-1));
#2155=CARTESIAN_POINT('',(6.E-2,-3.991079153281E-1,2.346665797606E-1));
#2156=CARTESIAN_POINT('',(-9.8E-1,-4.145620781165E-1,5.483523212566E-1));
#2157=CARTESIAN_POINT('',(-2.02E0,-4.304712604552E-1,8.629562042912E-1));
#2158=CARTESIAN_POINT('',(-3.06E0,-4.459254232436E-1,1.176641945787E0));
#2159=CARTESIAN_POINT('',(6.E-2,-4.057176885622E-1,4.153167111452E-1));
#2160=CARTESIAN_POINT('',(-9.8E-1,-3.066268386405E-1,6.865032553119E-1));
#2161=CARTESIAN_POINT('',(-2.02E0,-2.067062563641E-1,9.555238301545E-1));
#2162=CARTESIAN_POINT('',(-3.06E0,-1.076154064424E-1,1.226710374321E0));
#2163=CARTESIAN_POINT('',(6.E-2,-4.090181455884E-1,5.168680941965E-1));
#2164=CARTESIAN_POINT('',(-9.8E-1,-2.526981244412E-1,7.501098825572E-1));
#2165=CARTESIAN_POINT('',(-2.02E0,-9.666769192454E-2,9.841131607318E-1));
#2166=CARTESIAN_POINT('',(-3.06E0,5.965232922271E-2,1.217354949092E0));
#2167=B_SPLINE_SURFACE_WITH_KNOTS('',3,3,((#2139,#2140,#2141,#2142),(#2143,
#2144,#2145,#2146),(#2147,#2148,#2149,#2150),(#2151,#2152,#2153,#2154),(#2155,
#2156,#2157,#2158),(#2159,#2160,#2161,#2162),(#2163,#2164,#2165,#2166)),
.UNSPECIFIED.,.F.,.F.,.F.,(4,1,1,1,4),(4,4),(-2.817569742752E-2,2.5E-1,5.E-1,
7.5E-1,1.028487036755E0),(-6.E-2,3.06E0),.UNSPECIFIED.);
#2168=ORIENTED_EDGE('',*,*,#998,.F.);
#2169=ORIENTED_EDGE('',*,*,#1109,.F.);
#2170=ORIENTED_EDGE('',*,*,#1196,.T.);
#2171=ORIENTED_EDGE('',*,*,#2014,.T.);
#2173=ORIENTED_EDGE('',*,*,#2172,.T.);
#2174=ORIENTED_EDGE('',*,*,#2124,.F.);
#2175=EDGE_LOOP('',(#2168,#2169,#2170,#2171,#2173,#2174));
#2176=FACE_OUTER_BOUND('',#2175,.F.);
#2177=ADVANCED_FACE('',(#2176),#2167,.T.);
#2178=FILL_AREA_STYLE_COLOUR('',#1);
#2179=FILL_AREA_STYLE('',(#2178));
#2180=SURFACE_STYLE_FILL_AREA(#2179);
#2181=SURFACE_SIDE_STYLE('',(#2180));
#2182=SURFACE_STYLE_USAGE(.POSITIVE.,#2181);
#2183=PRESENTATION_STYLE_ASSIGNMENT((#2182));
#2184=STYLED_ITEM('',(#2183),#2177);
#2185=CARTESIAN_POINT('',(-3.E0,0.E0,0.E0));
#2186=DIRECTION('',(1.E0,0.E0,0.E0));
#2187=DIRECTION('',(0.E0,-1.E0,0.E0));
#2188=AXIS2_PLACEMENT_3D('',#2185,#2186,#2187);
#2189=PLANE('',#2188);
#2191=ORIENTED_EDGE('',*,*,#2190,.T.);
#2193=ORIENTED_EDGE('',*,*,#2192,.F.);
#2194=EDGE_LOOP('',(#2191,#2193));
#2195=FACE_OUTER_BOUND('',#2194,.F.);
#2196=ORIENTED_EDGE('',*,*,#2061,.F.);
#2197=ORIENTED_EDGE('',*,*,#2126,.F.);
#2198=ORIENTED_EDGE('',*,*,#2172,.F.);
#2199=ORIENTED_EDGE('',*,*,#2012,.F.);
#2200=EDGE_LOOP('',(#2196,#2197,#2198,#2199));
#2201=FACE_BOUND('',#2200,.F.);
#2202=ADVANCED_FACE('',(#2195,#2201),#2189,.T.);
#2203=CARTESIAN_POINT('',(-3.E0,0.E0,0.E0));
#2204=DIRECTION('',(1.E0,0.E0,0.E0));
#2205=DIRECTION('',(0.E0,-1.E0,0.E0));
#2206=AXIS2_PLACEMENT_3D('',#2203,#2204,#2205);
#2207=SPHERICAL_SURFACE('',#2206,1.25E0);
#2209=ORIENTED_EDGE('',*,*,#2208,.T.);
#2211=ORIENTED_EDGE('',*,*,#2210,.F.);
#2212=ORIENTED_EDGE('',*,*,#2190,.F.);
#2213=EDGE_LOOP('',(#2209,#2211,#2212));
#2214=FACE_OUTER_BOUND('',#2213,.F.);
#2215=ADVANCED_FACE('',(#2214),#2207,.T.);
#2216=FILL_AREA_STYLE_COLOUR('',#1);
#2217=FILL_AREA_STYLE('',(#2216));
#2218=SURFACE_STYLE_FILL_AREA(#2217);
#2219=SURFACE_SIDE_STYLE('',(#2218));
#2220=SURFACE_STYLE_USAGE(.POSITIVE.,#2219);
#2221=PRESENTATION_STYLE_ASSIGNMENT((#2220));
#2222=STYLED_ITEM('',(#2221),#2215);
#2223=CARTESIAN_POINT('',(-3.E0,0.E0,0.E0));
#2224=DIRECTION('',(1.E0,0.E0,0.E0));
#2225=DIRECTION('',(0.E0,-1.E0,0.E0));
#2226=AXIS2_PLACEMENT_3D('',#2223,#2224,#2225);
#2227=SPHERICAL_SURFACE('',#2226,1.25E0);
#2228=ORIENTED_EDGE('',*,*,#2208,.F.);
#2229=ORIENTED_EDGE('',*,*,#2192,.T.);
#2230=ORIENTED_EDGE('',*,*,#2210,.T.);
#2231=EDGE_LOOP('',(#2228,#2229,#2230));
#2232=FACE_OUTER_BOUND('',#2231,.F.);
#2233=ADVANCED_FACE('',(#2232),#2227,.T.);
#2234=FILL_AREA_STYLE_COLOUR('',#1);
#2235=FILL_AREA_STYLE('',(#2234));
#2236=SURFACE_STYLE_FILL_AREA(#2235);
#2237=SURFACE_SIDE_STYLE('',(#2236));
#2238=SURFACE_STYLE_USAGE(.POSITIVE.,#2237);
#2239=PRESENTATION_STYLE_ASSIGNMENT((#2238));
#2240=STYLED_ITEM('',(#2239),#2233);
#2241=CARTESIAN_POINT('',(0.E0,0.E0,5.E-1));
#2242=DIRECTION('',(1.E0,0.E0,0.E0));
#2243=DIRECTION('',(0.E0,0.E0,1.E0));
#2244=AXIS2_PLACEMENT_3D('',#2241,#2242,#2243);
#2245=CYLINDRICAL_SURFACE('',#2244,1.25E-1);
#2246=ORIENTED_EDGE('',*,*,#1767,.F.);
#2248=ORIENTED_EDGE('',*,*,#2247,.F.);
#2250=ORIENTED_EDGE('',*,*,#2249,.T.);
#2252=ORIENTED_EDGE('',*,*,#2251,.F.);
#2253=EDGE_LOOP('',(#2246,#2248,#2250,#2252));
#2254=FACE_OUTER_BOUND('',#2253,.F.);
#2255=ADVANCED_FACE('',(#2254),#2245,.T.);
#2256=CARTESIAN_POINT('',(0.E0,0.E0,5.E-1));
#2257=DIRECTION('',(1.E0,0.E0,0.E0));
#2258=DIRECTION('',(0.E0,0.E0,1.E0));
#2259=AXIS2_PLACEMENT_3D('',#2256,#2257,#2258);
#2260=CYLINDRICAL_SURFACE('',#2259,1.25E-1);
#2261=ORIENTED_EDGE('',*,*,#1769,.F.);
#2262=ORIENTED_EDGE('',*,*,#2251,.T.);
#2264=ORIENTED_EDGE('',*,*,#2263,.T.);
#2265=ORIENTED_EDGE('',*,*,#2247,.T.);
#2266=EDGE_LOOP('',(#2261,#2262,#2264,#2265));
#2267=FACE_OUTER_BOUND('',#2266,.F.);
#2268=ADVANCED_FACE('',(#2267),#2260,.T.);
#2269=CARTESIAN_POINT('',(4.175E1,0.E0,5.E-1));
#2270=DIRECTION('',(1.E0,0.E0,0.E0));
#2271=DIRECTION('',(0.E0,0.E0,1.E0));
#2272=AXIS2_PLACEMENT_3D('',#2269,#2270,#2271);
#2273=PLANE('',#2272);
#2274=ORIENTED_EDGE('',*,*,#2249,.F.);
#2275=ORIENTED_EDGE('',*,*,#2263,.F.);
#2276=EDGE_LOOP('',(#2274,#2275));
#2277=FACE_OUTER_BOUND('',#2276,.F.);
#2278=ADVANCED_FACE('',(#2277),#2273,.T.);
#2279=CARTESIAN_POINT('',(0.E0,0.E0,-5.E-1));
#2280=DIRECTION('',(-1.E0,0.E0,0.E0));
#2281=DIRECTION('',(0.E0,0.E0,-1.E0));
#2282=AXIS2_PLACEMENT_3D('',#2279,#2280,#2281);
#2283=CYLINDRICAL_SURFACE('',#2282,1.25E-1);
#2284=ORIENTED_EDGE('',*,*,#1792,.T.);
#2286=ORIENTED_EDGE('',*,*,#2285,.F.);
#2288=ORIENTED_EDGE('',*,*,#2287,.F.);
#2290=ORIENTED_EDGE('',*,*,#2289,.F.);
#2291=EDGE_LOOP('',(#2284,#2286,#2288,#2290));
#2292=FACE_OUTER_BOUND('',#2291,.F.);
#2293=ADVANCED_FACE('',(#2292),#2283,.T.);
#2294=CARTESIAN_POINT('',(0.E0,0.E0,-5.E-1));
#2295=DIRECTION('',(-1.E0,0.E0,0.E0));
#2296=DIRECTION('',(0.E0,0.E0,-1.E0));
#2297=AXIS2_PLACEMENT_3D('',#2294,#2295,#2296);
#2298=CYLINDRICAL_SURFACE('',#2297,1.25E-1);
#2299=ORIENTED_EDGE('',*,*,#1794,.T.);
#2300=ORIENTED_EDGE('',*,*,#2289,.T.);
#2302=ORIENTED_EDGE('',*,*,#2301,.F.);
#2303=ORIENTED_EDGE('',*,*,#2285,.T.);
#2304=EDGE_LOOP('',(#2299,#2300,#2302,#2303));
#2305=FACE_OUTER_BOUND('',#2304,.F.);
#2306=ADVANCED_FACE('',(#2305),#2298,.T.);
#2307=CARTESIAN_POINT('',(4.175E1,0.E0,-5.E-1));
#2308=DIRECTION('',(-1.E0,0.E0,0.E0));
#2309=DIRECTION('',(0.E0,0.E0,-1.E0));
#2310=AXIS2_PLACEMENT_3D('',#2307,#2308,#2309);
#2311=PLANE('',#2310);
#2312=ORIENTED_EDGE('',*,*,#2287,.T.);
#2313=ORIENTED_EDGE('',*,*,#2301,.T.);
#2314=EDGE_LOOP('',(#2312,#2313));
#2315=FACE_OUTER_BOUND('',#2314,.F.);
#2316=ADVANCED_FACE('',(#2315),#2311,.F.);
#2317=CLOSED_SHELL('',(#936,#957,#982,#1010,#1115,#1202,#1272,#1296,#1324,#1429,
#1524,#1593,#1618,#1664,#1686,#1707,#1750,#1773,#1798,#1820,#1866,#1910,#1929,
#1953,#2019,#2066,#2131,#2177,#2202,#2215,#2233,#2255,#2268,#2278,#2293,#2306,
#2316));
#2318=MANIFOLD_SOLID_BREP('',#2317);
#2320=DIMENSIONAL_EXPONENTS(0.E0,0.E0,0.E0,0.E0,0.E0,0.E0,0.E0);
#2322=PLANE_ANGLE_MEASURE_WITH_UNIT(PLANE_ANGLE_MEASURE(1.745329251994E-2),
#2321);
#2323=(CONVERSION_BASED_UNIT('DEGREE',#2322)NAMED_UNIT(*)PLANE_ANGLE_UNIT());
#2325=UNCERTAINTY_MEASURE_WITH_UNIT(LENGTH_MEASURE(5.E-3),#2319,'closure',
'Maximum model space distance between geometric entities at asserted connectivities');
#2326=(GEOMETRIC_REPRESENTATION_CONTEXT(3)GLOBAL_UNCERTAINTY_ASSIGNED_CONTEXT((
#2325))GLOBAL_UNIT_ASSIGNED_CONTEXT((#2319,#2323,#2324))REPRESENTATION_CONTEXT(
'ID1','3'));
#2328=MECHANICAL_DESIGN_GEOMETRIC_PRESENTATION_REPRESENTATION('',(#943,#964,
#989,#1017,#1122,#1209,#1279,#1303,#1331,#1436,#1531,#1600,#1625,#1671,#1693,
#1714,#1757,#1780,#1805,#1827,#1873,#1917,#1936,#1960,#2026,#2073,#2138,#2184,
#2222,#2240),#2326);
#2329=APPLICATION_CONTEXT(
'CONFIGURATION CONTROLLED 3D DESIGNS OF MECHANICAL PARTS AND ASSEMBLIES');
#2330=APPLICATION_PROTOCOL_DEFINITION('international standard',
'config_control_design',1994,#2329);
#2331=DESIGN_CONTEXT('',#2329,'design');
#2332=MECHANICAL_CONTEXT('',#2329,'mechanical');
#2333=PRODUCT('S861','S861','NOT SPECIFIED',(#2332));
#2334=PRODUCT_DEFINITION_FORMATION_WITH_SPECIFIED_SOURCE('5','LAST_VERSION',
#2333,.MADE.);
#2338=PRODUCT_CATEGORY('part','');
#2339=PRODUCT_RELATED_PRODUCT_CATEGORY('detail','',(#2333));
#2340=PRODUCT_CATEGORY_RELATIONSHIP('','',#2338,#2339);
#2341=SECURITY_CLASSIFICATION_LEVEL('unclassified');
#2342=SECURITY_CLASSIFICATION('','',#2341);
#2343=CC_DESIGN_SECURITY_CLASSIFICATION(#2342,(#2334));
#2344=APPROVAL_STATUS('approved');
#2345=APPROVAL(#2344,'');
#2346=CC_DESIGN_APPROVAL(#2345,(#2342,#2334,#2335));
#2347=CALENDAR_DATE(121,14,6);
#2348=COORDINATED_UNIVERSAL_TIME_OFFSET(2,0,.AHEAD.);
#2349=LOCAL_TIME(11,4,4.1E1,#2348);
#2350=DATE_AND_TIME(#2347,#2349);
#2351=APPROVAL_DATE_TIME(#2350,#2345);
#2352=DATE_TIME_ROLE('creation_date');
#2353=CC_DESIGN_DATE_AND_TIME_ASSIGNMENT(#2350,#2352,(#2335));
#2354=DATE_TIME_ROLE('classification_date');
#2355=CC_DESIGN_DATE_AND_TIME_ASSIGNMENT(#2350,#2354,(#2342));
#2356=PERSON('UNSPECIFIED','UNSPECIFIED',$,$,$,$);
#2357=ORGANIZATION('UNSPECIFIED','UNSPECIFIED','UNSPECIFIED');
#2358=PERSON_AND_ORGANIZATION(#2356,#2357);
#2359=APPROVAL_ROLE('approver');
#2360=APPROVAL_PERSON_ORGANIZATION(#2358,#2345,#2359);
#2361=PERSON_AND_ORGANIZATION_ROLE('creator');
#2362=CC_DESIGN_PERSON_AND_ORGANIZATION_ASSIGNMENT(#2358,#2361,(#2334,#2335));
#2363=PERSON_AND_ORGANIZATION_ROLE('design_supplier');
#2364=CC_DESIGN_PERSON_AND_ORGANIZATION_ASSIGNMENT(#2358,#2363,(#2334));
#2365=PERSON_AND_ORGANIZATION_ROLE('classification_officer');
#2366=CC_DESIGN_PERSON_AND_ORGANIZATION_ASSIGNMENT(#2358,#2365,(#2342));
#2367=PERSON_AND_ORGANIZATION_ROLE('design_owner');
#2368=CC_DESIGN_PERSON_AND_ORGANIZATION_ASSIGNMENT(#2358,#2367,(#2333));
#1=DRAUGHTING_PRE_DEFINED_COLOUR('black');
#2=COLOUR_RGB('',0.E0,0.E0,6.6E-1);
#3=DRAUGHTING_PRE_DEFINED_COLOUR('blue');
#4=COLOUR_RGB('',0.E0,3.3E-1,0.E0);
#5=COLOUR_RGB('',0.E0,4.5E-1,0.E0);
#6=COLOUR_RGB('',0.E0,5.4902E-1,8.E-1);
#7=COLOUR_RGB('',0.E0,5.68627E-1,8.E-1);
#8=COLOUR_RGB('',0.E0,6.E-1,0.E0);
#9=COLOUR_RGB('',0.E0,6.5098E-1,8.39216E-1);
#10=COLOUR_RGB('',0.E0,6.70588E-1,3.4902E-1);
#11=COLOUR_RGB('',0.E0,7.01961E-1,5.80392E-1);
#12=COLOUR_RGB('',0.E0,7.1E-1,1.E0);
#13=COLOUR_RGB('',0.E0,7.3E-1,1.9E-1);
#14=COLOUR_RGB('',0.E0,8.E-1,0.E0);
#15=DRAUGHTING_PRE_DEFINED_COLOUR('green');
#16=COLOUR_RGB('',6.7E-2,6.7E-2,6.7E-2);
#17=COLOUR_RGB('',7.E-2,1.E0,1.E0);
#18=COLOUR_RGB('',9.0196E-2,9.0196E-2,5.88235E-1);
#19=COLOUR_RGB('',1.01E-1,1.98E-1,9.52E-1);
#20=COLOUR_RGB('',1.06E-1,8.16E-1,2.08E-1);
#21=COLOUR_RGB('',1.18E-1,1.22E-1,2.43E-1);
#22=COLOUR_RGB('',1.45E-1,1.33E-1,2.71E-1);
#23=COLOUR_RGB('',1.60784E-1,1.9608E-2,6.31373E-1);
#24=COLOUR_RGB('',2.E-1,3.88E-1,2.67E-1);
#25=COLOUR_RGB('',2.E-1,4.E-1,1.E0);
#26=COLOUR_RGB('',2.E-1,8.E-1,1.E0);
#27=COLOUR_RGB('',2.2E-1,2.63E-1,6.12E-1);
#28=COLOUR_RGB('',2.27E-1,2.86E-1,2.39E-1);
#29=COLOUR_RGB('',2.35E-1,2.7E-2,7.8E-2);
#30=COLOUR_RGB('',2.5E-1,2.5E-1,2.5E-1);
#31=COLOUR_RGB('',2.75E-1,3.92E-1,1.49E-1);
#32=COLOUR_RGB('',3.02E-1,4.12E-1,6.E-1);
#33=COLOUR_RGB('',3.14E-1,7.4E-2,0.E0);
#34=COLOUR_RGB('',3.2549E-1,5.05882E-1,5.41176E-1);
#35=COLOUR_RGB('',3.29E-1,5.14E-1,1.84E-1);
#36=COLOUR_RGB('',3.49E-1,4.3E-2,4.3E-2);
#37=COLOUR_RGB('',3.61E-1,6.3E-2,5.5E-2);
#38=COLOUR_RGB('',3.65E-1,2.35E-1,2.27E-1);
#39=COLOUR_RGB('',4.E-1,0.E0,6.31373E-1);
#40=COLOUR_RGB('',4.E-1,1.41E-1,1.1E-1);
#41=COLOUR_RGB('',4.19608E-1,4.90196E-1,1.56863E-1);
#42=COLOUR_RGB('',4.35294E-1,4.78431E-1,4.54902E-1);
#43=COLOUR_RGB('',4.47E-1,4.3E-2,3.9E-2);
#44=COLOUR_RGB('',4.6E-1,8.3E-2,3.32E-1);
#45=COLOUR_RGB('',4.63E-1,4.43E-1,4.94E-1);
#46=COLOUR_RGB('',4.7451E-1,8.23529E-1,9.01961E-1);
#47=COLOUR_RGB('',5.E-1,5.E-1,5.E-1);
#48=COLOUR_RGB('',5.02E-1,5.96E-1,6.43E-1);
#49=COLOUR_RGB('',5.01961E-1,6.27451E-1,0.E0);
#50=COLOUR_RGB('',5.09804E-1,5.37255E-1,5.37255E-1);
#51=COLOUR_RGB('',5.09804E-1,5.41176E-1,1.1765E-2);
#52=COLOUR_RGB('',5.22E-1,4.94E-1,4.86E-1);
#53=COLOUR_RGB('',5.25E-1,2.E-1,3.45E-1);
#54=COLOUR_RGB('',5.25E-1,4.24E-1,4.55E-1);
#55=COLOUR_RGB('',5.29E-1,4.47E-1,4.98E-1);
#56=COLOUR_RGB('',5.33E-1,6.3E-2,6.3E-2);
#57=COLOUR_RGB('',5.60784E-1,5.60784E-1,5.4902E-1);
#58=COLOUR_RGB('',5.68627E-1,4.19608E-1,2.90196E-1);
#59=COLOUR_RGB('',5.80392E-1,4.94118E-1,5.05882E-1);
#60=COLOUR_RGB('',5.92157E-1,4.62745E-1,4.19608E-1);
#61=COLOUR_RGB('',5.96E-1,7.1E-2,2.47E-1);
#62=COLOUR_RGB('',5.96E-1,1.8E-1,8.6E-2);
#63=COLOUR_RGB('',6.E-1,4.E-1,2.5098E-1);
#64=COLOUR_RGB('',6.08E-1,2.3E-2,7.73E-1);
#65=COLOUR_RGB('',6.07843E-1,3.72549E-1,2.35294E-1);
#66=COLOUR_RGB('',6.12E-1,4.82E-1,2.86E-1);
#67=COLOUR_RGB('',6.12E-1,5.14E-1,5.84E-1);
#68=COLOUR_RGB('',6.24E-1,3.88E-1,2.2E-1);
#69=COLOUR_RGB('',6.31E-1,8.2E-2,7.5E-2);
#70=COLOUR_RGB('',6.35E-1,8.2E-2,5.9E-2);
#71=COLOUR_RGB('',6.35E-1,4.51E-1,3.73E-1);
#72=COLOUR_RGB('',6.35294E-1,6.86275E-1,7.4902E-1);
#73=COLOUR_RGB('',6.39216E-1,9.05882E-1,8.39216E-1);
#74=COLOUR_RGB('',6.47E-1,6.47E-1,6.47E-1);
#75=COLOUR_RGB('',6.51E-1,5.06E-1,1.37E-1);
#76=COLOUR_RGB('',6.59E-1,7.1E-2,5.9E-2);
#77=COLOUR_RGB('',6.67E-1,6.7E-2,9.E-2);
#78=COLOUR_RGB('',6.67E-1,7.5E-2,7.5E-2);
#79=COLOUR_RGB('',6.66667E-1,6.31373E-1,5.88235E-1);
#80=COLOUR_RGB('',6.82353E-1,5.4902E-1,1.9608E-2);
#81=COLOUR_RGB('',6.86275E-1,3.60784E-1,6.6667E-2);
#82=COLOUR_RGB('',6.90196E-1,3.01961E-1,2.43137E-1);
#83=COLOUR_RGB('',6.94E-1,8.2E-2,7.1E-2);
#84=COLOUR_RGB('',7.09804E-1,8.43137E-1,8.58824E-1);
#85=COLOUR_RGB('',7.15011E-1,7.66381E-1,1.E0);
#86=COLOUR_RGB('',7.22E-1,5.29E-1,2.31E-1);
#87=COLOUR_RGB('',7.29412E-1,1.21569E-1,7.09804E-1);
#88=COLOUR_RGB('',7.33333E-1,5.01961E-1,4.3137E-2);
#89=COLOUR_RGB('',7.33E-1,6.59E-1,5.88E-1);
#90=COLOUR_RGB('',7.33333E-1,8.47059E-1,8.19608E-1);
#91=COLOUR_RGB('',7.45E-1,1.22E-1,6.3E-2);
#92=COLOUR_RGB('',7.52941E-1,3.4902E-1,5.4902E-2);
#93=COLOUR_RGB('',7.52941E-1,8.31373E-1,8.03922E-1);
#94=COLOUR_RGB('',7.52941E-1,8.78431E-1,0.E0);
#95=COLOUR_RGB('',7.57E-1,0.E0,0.E0);
#96=COLOUR_RGB('',7.57E-1,8.86E-1,6.78E-1);
#97=COLOUR_RGB('',7.60784E-1,8.62745E-1,8.94118E-1);
#98=COLOUR_RGB('',7.64706E-1,8.11765E-1,8.31373E-1);
#99=COLOUR_RGB('',7.72549E-1,8.39216E-1,8.62745E-1);
#100=COLOUR_RGB('',7.72549E-1,9.09804E-1,8.86275E-1);
#101=COLOUR_RGB('',7.76471E-1,8.86275E-1,8.78431E-1);
#102=COLOUR_RGB('',7.8E-1,3.69E-1,3.18E-1);
#103=COLOUR_RGB('',7.88235E-1,8.47059E-1,8.90196E-1);
#104=COLOUR_RGB('',7.92E-1,6.51E-1,4.2E-1);
#105=COLOUR_RGB('',7.96078E-1,8.78431E-1,9.13725E-1);
#106=COLOUR_RGB('',8.E-1,4.E-1,0.E0);
#107=COLOUR_RGB('',8.E-1,6.27E-1,3.37E-1);
#108=COLOUR_RGB('',8.E-1,6.62745E-1,8.66667E-1);
#109=COLOUR_RGB('',8.E-1,8.E-1,8.E-1);
#110=COLOUR_RGB('',8.E-1,1.E0,1.E0);
#111=COLOUR_RGB('',8.03922E-1,8.90196E-1,9.09804E-1);
#112=COLOUR_RGB('',8.11765E-1,1.1765E-2,3.60784E-1);
#113=COLOUR_RGB('',8.12E-1,7.41E-1,5.1E-1);
#114=COLOUR_RGB('',8.11765E-1,8.23529E-1,8.82353E-1);
#115=COLOUR_RGB('',8.15686E-1,7.68627E-1,8.19608E-1);
#116=COLOUR_RGB('',8.15686E-1,9.17647E-1,9.05882E-1);
#117=COLOUR_RGB('',8.27451E-1,7.84314E-1,8.5098E-1);
#118=COLOUR_RGB('',8.31E-1,6.86E-1,1.96E-1);
#119=COLOUR_RGB('',8.31E-1,8.51E-1,8.59E-1);
#120=COLOUR_RGB('',8.39216E-1,0.E0,4.31373E-1);
#121=COLOUR_RGB('',8.43E-1,9.8E-2,6.3E-2);
#122=COLOUR_RGB('',8.43E-1,7.76E-1,8.24E-1);
#123=COLOUR_RGB('',8.43E-1,8.31E-1,8.16E-1);
#124=COLOUR_RGB('',8.43137E-1,8.94118E-1,8.58824E-1);
#125=COLOUR_RGB('',8.47E-1,2.2E-1,1.1E-1);
#126=COLOUR_RGB('',8.47059E-1,8.90196E-1,9.09804E-1);
#127=COLOUR_RGB('',8.51E-1,1.57E-1,1.96E-1);
#128=COLOUR_RGB('',8.5098E-1,8.5098E-1,7.72549E-1);
#129=COLOUR_RGB('',8.54902E-1,8.31373E-1,7.96078E-1);
#130=COLOUR_RGB('',8.58824E-1,8.86275E-1,8.19608E-1);
#131=COLOUR_RGB('',8.66667E-1,9.33333E-1,9.01961E-1);
#132=COLOUR_RGB('',8.70588E-1,0.E0,5.09804E-1);
#133=COLOUR_RGB('',8.70588E-1,8.70588E-1,8.39216E-1);
#134=COLOUR_RGB('',8.78E-1,2.31E-1,1.76E-1);
#135=COLOUR_RGB('',8.78E-1,3.69E-1,1.22E-1);
#136=COLOUR_RGB('',8.78431E-1,8.7451E-1,7.72549E-1);
#137=COLOUR_RGB('',8.82353E-1,8.43137E-1,9.09804E-1);
#138=COLOUR_RGB('',8.82353E-1,8.82353E-1,9.13725E-1);
#139=COLOUR_RGB('',8.86275E-1,8.58824E-1,8.27451E-1);
#140=COLOUR_RGB('',8.90196E-1,8.31373E-1,8.62745E-1);
#141=COLOUR_RGB('',8.98039E-1,9.37255E-1,8.94118E-1);
#142=COLOUR_RGB('',9.01961E-1,0.E0,5.80392E-1);
#143=COLOUR_RGB('',9.02E-1,5.02E-1,9.4E-2);
#144=COLOUR_RGB('',9.02E-1,9.02E-1,9.02E-1);
#145=COLOUR_RGB('',9.05882E-1,8.31373E-1,7.84314E-1);
#146=COLOUR_RGB('',9.05882E-1,9.37255E-1,8.7451E-1);
#147=COLOUR_RGB('',9.09804E-1,8.27451E-1,8.47059E-1);
#148=COLOUR_RGB('',9.09804E-1,8.90196E-1,7.45098E-1);
#149=COLOUR_RGB('',9.13725E-1,8.78431E-1,8.07843E-1);
#150=COLOUR_RGB('',9.13725E-1,8.90196E-1,8.58824E-1);
#151=COLOUR_RGB('',9.13725E-1,9.29412E-1,9.17647E-1);
#152=COLOUR_RGB('',9.18E-1,8.35E-1,5.65E-1);
#153=COLOUR_RGB('',9.22E-1,1.76E-1,7.1E-2);
#154=COLOUR_RGB('',9.22E-1,3.06E-1,1.14E-1);
#155=COLOUR_RGB('',9.22E-1,5.33E-1,5.96E-1);
#156=COLOUR_RGB('',9.21569E-1,8.43137E-1,8.11765E-1);
#157=COLOUR_RGB('',9.21569E-1,9.05882E-1,8.70588E-1);
#158=COLOUR_RGB('',9.21569E-1,9.21569E-1,8.03922E-1);
#159=COLOUR_RGB('',9.22E-1,1.E0,3.92E-1);
#160=COLOUR_RGB('',9.2549E-1,8.27451E-1,8.39216E-1);
#161=COLOUR_RGB('',9.2549E-1,8.31373E-1,8.07843E-1);
#162=COLOUR_RGB('',9.29412E-1,1.80392E-1,2.19608E-1);
#163=COLOUR_RGB('',9.29412E-1,4.31373E-1,0.E0);
#164=COLOUR_RGB('',9.29412E-1,8.82353E-1,9.09804E-1);
#165=COLOUR_RGB('',9.29412E-1,9.2549E-1,9.09804E-1);
#166=COLOUR_RGB('',9.29412E-1,9.37255E-1,8.70588E-1);
#167=COLOUR_RGB('',9.33333E-1,8.70588E-1,8.03922E-1);
#168=COLOUR_RGB('',9.33333E-1,8.86275E-1,8.23529E-1);
#169=COLOUR_RGB('',9.37E-1,8.51E-1,9.4E-2);
#170=COLOUR_RGB('',9.37255E-1,9.17647E-1,8.35294E-1);
#171=COLOUR_RGB('',9.41176E-1,9.01961E-1,9.13725E-1);
#172=COLOUR_RGB('',9.41176E-1,9.13725E-1,9.13725E-1);
#173=COLOUR_RGB('',9.41E-1,9.29E-1,9.18E-1);
#174=COLOUR_RGB('',9.45098E-1,8.7451E-1,8.70588E-1);
#175=COLOUR_RGB('',9.45098E-1,9.33333E-1,8.35294E-1);
#176=COLOUR_RGB('',9.4902E-1,7.21569E-1,8.47059E-1);
#177=COLOUR_RGB('',9.4902E-1,9.13725E-1,9.05882E-1);
#178=COLOUR_RGB('',9.4902E-1,9.37255E-1,8.15686E-1);
#179=COLOUR_RGB('',9.52941E-1,8.70588E-1,8.90196E-1);
#180=COLOUR_RGB('',9.52941E-1,9.33333E-1,8.58824E-1);
#181=COLOUR_RGB('',9.52941E-1,9.37255E-1,9.01961E-1);
#182=COLOUR_RGB('',9.56863E-1,9.05882E-1,8.94118E-1);
#183=COLOUR_RGB('',9.56863E-1,9.33333E-1,6.94118E-1);
#184=COLOUR_RGB('',9.60784E-1,2.5098E-1,1.60784E-1);
#185=COLOUR_RGB('',9.60784E-1,4.90196E-1,0.E0);
#186=COLOUR_RGB('',9.60784E-1,8.86275E-1,8.90196E-1);
#187=COLOUR_RGB('',9.60784E-1,8.94118E-1,8.43137E-1);
#188=COLOUR_RGB('',9.60784E-1,9.01961E-1,9.0196E-2);
#189=COLOUR_RGB('',9.60784E-1,9.01961E-1,8.31373E-1);
#190=COLOUR_RGB('',9.60784E-1,9.05882E-1,8.82353E-1);
#191=COLOUR_RGB('',9.60784E-1,9.13725E-1,8.54902E-1);
#192=COLOUR_RGB('',9.60784E-1,9.17647E-1,8.15686E-1);
#193=COLOUR_RGB('',9.65E-1,6.82E-1,1.41E-1);
#194=COLOUR_RGB('',9.68627E-1,8.5098E-1,9.0196E-2);
#195=COLOUR_RGB('',9.68627E-1,8.7451E-1,8.58824E-1);
#196=COLOUR_RGB('',9.68627E-1,8.78431E-1,9.0196E-2);
#197=COLOUR_RGB('',9.8E-1,2.8E-1,1.E0);
#198=COLOUR_RGB('',9.8E-1,5.84E-1,2.59E-1);
#199=COLOUR_RGB('',9.80392E-1,8.78431E-1,9.0196E-2);
#200=COLOUR_RGB('',9.8E-1,9.8E-1,9.8E-1);
#201=DRAUGHTING_PRE_DEFINED_COLOUR('red');
#202=COLOUR_RGB('',1.E0,0.E0,2.E-1);
#203=COLOUR_RGB('',1.E0,0.E0,4.E-1);
#204=COLOUR_RGB('',1.E0,0.E0,6.E-1);
#205=COLOUR_RGB('',1.E0,0.E0,8.E-1);
#206=COLOUR_RGB('',1.E0,9.8E-2,6.3E-2);
#207=COLOUR_RGB('',1.E0,1.88E-1,6.7E-2);
#208=COLOUR_RGB('',1.E0,2.78E-1,9.4E-2);
#209=COLOUR_RGB('',1.E0,3.53E-1,1.33E-1);
#210=COLOUR_RGB('',1.E0,4.E-1,0.E0);
#211=COLOUR_RGB('',1.E0,4.57E-1,0.E0);
#212=COLOUR_RGB('',1.E0,5.25E-1,5.9E-2);
#213=COLOUR_RGB('',1.E0,5.6E-1,1.9E-1);
#214=COLOUR_RGB('',1.E0,5.84E-1,1.37E-1);
#215=COLOUR_RGB('',1.E0,6.E-1,0.E0);
#216=COLOUR_RGB('',1.E0,7.05882E-1,7.4902E-1);
#217=COLOUR_RGB('',1.E0,7.1E-1,1.29E-1);
#218=COLOUR_RGB('',1.E0,7.14E-1,2.71E-1);
#219=COLOUR_RGB('',1.E0,7.15E-1,4.11E-1);
#220=COLOUR_RGB('',1.E0,7.61E-1,1.8E-1);
#221=COLOUR_RGB('',1.E0,7.69E-1,2.08E-1);
#222=COLOUR_RGB('',1.E0,8.E-1,0.E0);
#223=COLOUR_RGB('',1.E0,8.E-1,4.E-1);
#224=COLOUR_RGB('',1.E0,8.6E-1,6.5E-1);
#225=COLOUR_RGB('',1.E0,8.63E-1,1.76E-1);
#226=COLOUR_RGB('',1.E0,9.14E-1,1.65E-1);
#227=COLOUR_RGB('',1.E0,9.73E-1,7.88E-1);
#228=COLOUR_RGB('',1.E0,9.76E-1,1.E0);
#229=DRAUGHTING_PRE_DEFINED_COLOUR('yellow');
#230=COLOUR_RGB('',1.E0,1.E0,1.9E-1);
#231=COLOUR_RGB('',1.E0,1.E0,2.E-1);
#232=COLOUR_RGB('',1.E0,1.E0,2.63E-1);
#233=COLOUR_RGB('',1.E0,1.E0,3.1E-1);
#234=COLOUR_RGB('',1.E0,1.E0,4.E-1);
#235=COLOUR_RGB('',1.E0,1.E0,6.E-1);
#236=COLOUR_RGB('',1.E0,1.E0,8.E-1);
#237=COLOUR_RGB('',1.E0,1.E0,9.65E-1);
#238=DRAUGHTING_PRE_DEFINED_COLOUR('white');
#243=CIRCLE('',#242,5.E-1);
#248=CIRCLE('',#247,5.E-1);
#255=B_SPLINE_CURVE_WITH_KNOTS('',3,(#249,#250,#251,#252,#253,#254),
.UNSPECIFIED.,.F.,.F.,(4,1,1,4),(0.E0,3.333333333333E-1,6.666666666667E-1,1.E0),
.UNSPECIFIED.);
#260=CIRCLE('',#259,5.E-1);
#265=CIRCLE('',#264,5.E-1);
#272=B_SPLINE_CURVE_WITH_KNOTS('',3,(#266,#267,#268,#269,#270,#271),
.UNSPECIFIED.,.F.,.F.,(4,1,1,4),(0.E0,3.333333333333E-1,6.666666666667E-1,1.E0),
.UNSPECIFIED.);
#277=CIRCLE('',#276,1.E-1);
#282=CIRCLE('',#281,4.E-1);
#299=B_SPLINE_CURVE_WITH_KNOTS('',3,(#283,#284,#285,#286,#287,#288,#289,#290,
#291,#292,#293,#294,#295,#296,#297,#298),.UNSPECIFIED.,.F.,.F.,(4,1,1,1,1,1,1,1,
1,1,1,1,1,4),(0.E0,7.692307692308E-2,1.538461538462E-1,2.307692307692E-1,
3.076923076923E-1,3.846153846154E-1,4.615384615385E-1,5.384615384615E-1,
6.153846153846E-1,6.923076923077E-1,7.692307692308E-1,8.461538461538E-1,
9.230769230769E-1,1.E0),.UNSPECIFIED.);
#308=CIRCLE('',#307,4.E-1);
#314=B_SPLINE_CURVE_WITH_KNOTS('',3,(#309,#310,#311,#312,#313),.UNSPECIFIED.,
.F.,.F.,(4,1,4),(0.E0,5.E-1,1.E0),.UNSPECIFIED.);
#326=B_SPLINE_CURVE_WITH_KNOTS('',3,(#315,#316,#317,#318,#319,#320,#321,#322,
#323,#324,#325),.UNSPECIFIED.,.F.,.F.,(4,1,1,1,1,1,1,1,4),(0.E0,1.25E-1,2.5E-1,
3.75E-1,5.E-1,6.25E-1,7.5E-1,8.75E-1,1.E0),.UNSPECIFIED.);
#332=B_SPLINE_CURVE_WITH_KNOTS('',3,(#327,#328,#329,#330,#331),.UNSPECIFIED.,
.F.,.F.,(4,1,4),(0.E0,5.E-1,1.E0),.UNSPECIFIED.);
#352=B_SPLINE_CURVE_WITH_KNOTS('',3,(#333,#334,#335,#336,#337,#338,#339,#340,
#341,#342,#343,#344,#345,#346,#347,#348,#349,#350,#351),.UNSPECIFIED.,.F.,.F.,
(4,1,1,1,1,1,1,1,1,1,1,1,1,1,1,1,4),(0.E0,6.25E-2,1.25E-1,1.875E-1,2.5E-1,
3.125E-1,3.75E-1,4.375E-1,5.E-1,5.625E-1,6.25E-1,6.875E-1,7.5E-1,8.125E-1,
8.75E-1,9.375E-1,1.E0),.UNSPECIFIED.);
#357=CIRCLE('',#356,9.999999998920E-2);
#362=CIRCLE('',#361,1.E-1);
#367=CIRCLE('',#366,4.E-1);
#384=B_SPLINE_CURVE_WITH_KNOTS('',3,(#368,#369,#370,#371,#372,#373,#374,#375,
#376,#377,#378,#379,#380,#381,#382,#383),.UNSPECIFIED.,.F.,.F.,(4,1,1,1,1,1,1,1,
1,1,1,1,1,4),(0.E0,7.692307692308E-2,1.538461538462E-1,2.307692307692E-1,
3.076923076923E-1,3.846153846154E-1,4.615384615385E-1,5.384615384615E-1,
6.153846153846E-1,6.923076923077E-1,7.692307692308E-1,8.461538461538E-1,
9.230769230769E-1,1.E0),.UNSPECIFIED.);
#393=CIRCLE('',#392,4.E-1);
#399=B_SPLINE_CURVE_WITH_KNOTS('',3,(#394,#395,#396,#397,#398),.UNSPECIFIED.,
.F.,.F.,(4,1,4),(0.E0,5.E-1,1.E0),.UNSPECIFIED.);
#419=B_SPLINE_CURVE_WITH_KNOTS('',3,(#400,#401,#402,#403,#404,#405,#406,#407,
#408,#409,#410,#411,#412,#413,#414,#415,#416,#417,#418),.UNSPECIFIED.,.F.,.F.,
(4,1,1,1,1,1,1,1,1,1,1,1,1,1,1,1,4),(0.E0,6.25E-2,1.25E-1,1.875E-1,2.5E-1,
3.125E-1,3.75E-1,4.375E-1,5.E-1,5.625E-1,6.25E-1,6.875E-1,7.5E-1,8.125E-1,
8.75E-1,9.375E-1,1.E0),.UNSPECIFIED.);
#430=B_SPLINE_CURVE_WITH_KNOTS('',3,(#420,#421,#422,#423,#424,#425,#426,#427,
#428,#429),.UNSPECIFIED.,.F.,.F.,(4,1,1,1,1,1,1,4),(0.E0,1.428571428571E-1,
2.857142857143E-1,4.285714285714E-1,5.714285714286E-1,7.142857142857E-1,
8.571428571429E-1,1.E0),.UNSPECIFIED.);
#435=CIRCLE('',#434,9.999999998091E-2);
#451=B_SPLINE_CURVE_WITH_KNOTS('',3,(#436,#437,#438,#439,#440,#441,#442,#443,
#444,#445,#446,#447,#448,#449,#450),.UNSPECIFIED.,.F.,.F.,(4,1,1,1,1,1,1,1,1,1,
1,1,4),(0.E0,8.333333333333E-2,1.666666666667E-1,2.5E-1,3.333333333333E-1,
4.166666666667E-1,5.E-1,5.833333333333E-1,6.666666666667E-1,7.5E-1,
8.333333333333E-1,9.166666666667E-1,1.E0),.UNSPECIFIED.);
#463=B_SPLINE_CURVE_WITH_KNOTS('',3,(#452,#453,#454,#455,#456,#457,#458,#459,
#460,#461,#462),.UNSPECIFIED.,.F.,.F.,(4,1,1,1,1,1,1,1,4),(0.E0,1.25E-1,2.5E-1,
3.75E-1,5.E-1,6.25E-1,7.5E-1,8.75E-1,1.E0),.UNSPECIFIED.);
#468=CIRCLE('',#467,4.E-1);
#477=CIRCLE('',#476,4.E-1);
#482=CIRCLE('',#481,1.75E-1);
#487=CIRCLE('',#486,6.E-1);
#500=CIRCLE('',#499,1.75E-1);
#505=CIRCLE('',#504,6.E-1);
#510=CIRCLE('',#509,1.75E-1);
#515=CIRCLE('',#514,1.75E-1);
#520=CIRCLE('',#519,1.75E-1);
#525=CIRCLE('',#524,1.75E-1);
#534=CIRCLE('',#533,1.75E-1);
#539=CIRCLE('',#538,6.E-1);
#544=CIRCLE('',#543,1.75E-1);
#549=CIRCLE('',#548,6.E-1);
#565=B_SPLINE_CURVE_WITH_KNOTS('',3,(#554,#555,#556,#557,#558,#559,#560,#561,
#562,#563,#564),.UNSPECIFIED.,.F.,.F.,(4,1,1,1,1,1,1,1,4),(0.E0,1.25E-1,2.5E-1,
3.75E-1,5.E-1,6.25E-1,7.5E-1,8.75E-1,1.E0),.UNSPECIFIED.);
#570=CIRCLE('',#569,4.E-1);
#579=CIRCLE('',#578,4.E-1);
#590=B_SPLINE_CURVE_WITH_KNOTS('',3,(#580,#581,#582,#583,#584,#585,#586,#587,
#588,#589),.UNSPECIFIED.,.F.,.F.,(4,1,1,1,1,1,1,4),(0.E0,1.428571428571E-1,
2.857142857143E-1,4.285714285714E-1,5.714285714286E-1,7.142857142857E-1,
8.571428571429E-1,1.E0),.UNSPECIFIED.);
#600=B_SPLINE_CURVE_WITH_KNOTS('',3,(#591,#592,#593,#594,#595,#596,#597,#598,
#599),.UNSPECIFIED.,.F.,.F.,(4,1,1,1,1,1,4),(0.E0,1.666666666667E-1,
3.333333333333E-1,5.E-1,6.666666666667E-1,8.333333333333E-1,1.E0),
.UNSPECIFIED.);
#606=B_SPLINE_CURVE_WITH_KNOTS('',3,(#601,#602,#603,#604,#605),.UNSPECIFIED.,
.F.,.F.,(4,1,4),(0.E0,5.E-1,1.E0),.UNSPECIFIED.);
#613=B_SPLINE_CURVE_WITH_KNOTS('',3,(#607,#608,#609,#610,#611,#612),
.UNSPECIFIED.,.F.,.F.,(4,1,1,4),(0.E0,3.333333333333E-1,6.666666666667E-1,1.E0),
.UNSPECIFIED.);
#629=B_SPLINE_CURVE_WITH_KNOTS('',3,(#618,#619,#620,#621,#622,#623,#624,#625,
#626,#627,#628),.UNSPECIFIED.,.F.,.F.,(4,1,1,1,1,1,1,1,4),(0.E0,1.25E-1,2.5E-1,
3.75E-1,5.E-1,6.25E-1,7.5E-1,8.75E-1,1.E0),.UNSPECIFIED.);
#638=B_SPLINE_CURVE_WITH_KNOTS('',3,(#630,#631,#632,#633,#634,#635,#636,#637),
.UNSPECIFIED.,.F.,.F.,(4,1,1,1,1,4),(0.E0,2.E-1,4.E-1,6.E-1,8.E-1,1.E0),
.UNSPECIFIED.);
#656=B_SPLINE_CURVE_WITH_KNOTS('',3,(#639,#640,#641,#642,#643,#644,#645,#646,
#647,#648,#649,#650,#651,#652,#653,#654,#655),.UNSPECIFIED.,.F.,.F.,(4,1,1,1,1,
1,1,1,1,1,1,1,1,1,4),(0.E0,7.142857142857E-2,1.428571428571E-1,
2.142857142857E-1,2.857142857143E-1,3.571428571429E-1,4.285714285714E-1,5.E-1,
5.714285714286E-1,6.428571428571E-1,7.142857142857E-1,7.857142857143E-1,
8.571428571429E-1,9.285714285714E-1,1.E0),.UNSPECIFIED.);
#668=B_SPLINE_CURVE_WITH_KNOTS('',3,(#661,#662,#663,#664,#665,#666,#667),
.UNSPECIFIED.,.F.,.F.,(4,1,1,1,4),(0.E0,2.5E-1,5.E-1,7.5E-1,1.E0),
.UNSPECIFIED.);
#674=B_SPLINE_CURVE_WITH_KNOTS('',3,(#669,#670,#671,#672,#673),.UNSPECIFIED.,
.F.,.F.,(4,1,4),(0.E0,5.E-1,1.E0),.UNSPECIFIED.);
#682=B_SPLINE_CURVE_WITH_KNOTS('',3,(#675,#676,#677,#678,#679,#680,#681),
.UNSPECIFIED.,.F.,.F.,(4,1,1,1,4),(0.E0,2.5E-1,5.E-1,7.5E-1,1.E0),
.UNSPECIFIED.);
#688=B_SPLINE_CURVE_WITH_KNOTS('',3,(#683,#684,#685,#686,#687),.UNSPECIFIED.,
.F.,.F.,(4,1,4),(0.E0,5.E-1,1.E0),.UNSPECIFIED.);
#695=B_SPLINE_CURVE_WITH_KNOTS('',3,(#689,#690,#691,#692,#693,#694),
.UNSPECIFIED.,.F.,.F.,(4,1,1,4),(0.E0,3.333333333333E-1,6.666666666667E-1,1.E0),
.UNSPECIFIED.);
#711=B_SPLINE_CURVE_WITH_KNOTS('',3,(#700,#701,#702,#703,#704,#705,#706,#707,
#708,#709,#710),.UNSPECIFIED.,.F.,.F.,(4,1,1,1,1,1,1,1,4),(0.E0,1.25E-1,2.5E-1,
3.75E-1,5.E-1,6.25E-1,7.5E-1,8.75E-1,1.E0),.UNSPECIFIED.);
#720=B_SPLINE_CURVE_WITH_KNOTS('',3,(#712,#713,#714,#715,#716,#717,#718,#719),
.UNSPECIFIED.,.F.,.F.,(4,1,1,1,1,4),(0.E0,2.E-1,4.E-1,6.E-1,8.E-1,1.E0),
.UNSPECIFIED.);
#738=B_SPLINE_CURVE_WITH_KNOTS('',3,(#721,#722,#723,#724,#725,#726,#727,#728,
#729,#730,#731,#732,#733,#734,#735,#736,#737),.UNSPECIFIED.,.F.,.F.,(4,1,1,1,1,
1,1,1,1,1,1,1,1,1,4),(0.E0,7.142857142857E-2,1.428571428571E-1,
2.142857142857E-1,2.857142857143E-1,3.571428571429E-1,4.285714285714E-1,5.E-1,
5.714285714286E-1,6.428571428571E-1,7.142857142857E-1,7.857142857143E-1,
8.571428571429E-1,9.285714285714E-1,1.E0),.UNSPECIFIED.);
#750=B_SPLINE_CURVE_WITH_KNOTS('',3,(#743,#744,#745,#746,#747,#748,#749),
.UNSPECIFIED.,.F.,.F.,(4,1,1,1,4),(0.E0,2.5E-1,5.E-1,7.5E-1,1.E0),
.UNSPECIFIED.);
#755=CIRCLE('',#754,1.25E0);
#760=CIRCLE('',#759,1.25E0);
#765=CIRCLE('',#764,1.25E0);
#770=CIRCLE('',#769,1.25E0);
#775=CIRCLE('',#774,1.25E-1);
#780=CIRCLE('',#779,1.25E-1);
#793=CIRCLE('',#792,1.25E-1);
#798=CIRCLE('',#797,1.25E-1);
#803=CIRCLE('',#802,1.25E-1);
#808=CIRCLE('',#807,1.25E-1);
#821=CIRCLE('',#820,1.25E-1);
#826=CIRCLE('',#825,1.25E-1);
#928=EDGE_CURVE('',#881,#898,#243,.T.);
#930=EDGE_CURVE('',#898,#863,#248,.T.);
#932=EDGE_CURVE('',#881,#863,#255,.T.);
#949=EDGE_CURVE('',#872,#898,#260,.T.);
#951=EDGE_CURVE('',#898,#859,#265,.T.);
#953=EDGE_CURVE('',#872,#859,#272,.T.);
#970=EDGE_CURVE('',#878,#879,#282,.T.);
#972=EDGE_CURVE('',#879,#860,#468,.T.);
#974=EDGE_CURVE('',#859,#860,#435,.T.);
#978=EDGE_CURVE('',#881,#878,#277,.T.);
#996=EDGE_CURVE('',#882,#878,#299,.T.);
#998=EDGE_CURVE('',#882,#847,#720,.T.);
#1000=EDGE_CURVE('',#835,#847,#695,.T.);
#1002=EDGE_CURVE('',#835,#836,#303,.T.);
#1004=EDGE_CURVE('',#836,#884,#308,.T.);
#1006=EDGE_CURVE('',#879,#884,#472,.T.);
#1107=EDGE_CURVE('',#880,#881,#352,.T.);
#1109=EDGE_CURVE('',#880,#882,#314,.T.);
#1192=EDGE_CURVE('',#863,#866,#326,.T.);
#1194=EDGE_CURVE('',#866,#855,#332,.T.);
#1196=EDGE_CURVE('',#880,#855,#738,.T.);
#1263=EDGE_CURVE('',#863,#864,#357,.T.);
#1265=EDGE_CURVE('',#864,#865,#565,.T.);
#1267=EDGE_CURVE('',#865,#866,#590,.T.);
#1285=EDGE_CURVE('',#869,#870,#367,.T.);
#1287=EDGE_CURVE('',#870,#864,#570,.T.);
#1292=EDGE_CURVE('',#872,#869,#362,.T.);
#1310=EDGE_CURVE('',#873,#869,#384,.T.);
#1312=EDGE_CURVE('',#873,#851,#638,.T.);
#1314=EDGE_CURVE('',#839,#851,#613,.T.);
#1316=EDGE_CURVE('',#839,#840,#388,.T.);
#1318=EDGE_CURVE('',#840,#886,#393,.T.);
#1320=EDGE_CURVE('',#870,#886,#574,.T.);
#1421=EDGE_CURVE('',#871,#872,#419,.T.);
#1423=EDGE_CURVE('',#871,#873,#399,.T.);
#1516=EDGE_CURVE('',#859,#875,#430,.T.);
#1518=EDGE_CURVE('',#875,#843,#674,.T.);
#1520=EDGE_CURVE('',#871,#843,#656,.T.);
#1586=EDGE_CURVE('',#860,#874,#463,.T.);
#1588=EDGE_CURVE('',#874,#875,#451,.T.);
#1609=EDGE_CURVE('',#884,#836,#477,.T.);
#1612=EDGE_CURVE('',#896,#835,#688,.T.);
#1614=EDGE_CURVE('',#874,#896,#682,.T.);
#1655=EDGE_CURVE('',#917,#918,#482,.T.);
#1657=EDGE_CURVE('',#918,#836,#505,.T.);
#1660=EDGE_CURVE('',#917,#884,#487,.T.);
#1678=EDGE_CURVE('',#902,#917,#491,.T.);
#1680=EDGE_CURVE('',#902,#901,#515,.T.);
#1682=EDGE_CURVE('',#901,#918,#495,.T.);
#1699=EDGE_CURVE('',#918,#917,#500,.T.);
#1702=EDGE_CURVE('',#901,#902,#510,.T.);
#1767=EDGE_CURVE('',#909,#910,#775,.T.);
#1769=EDGE_CURVE('',#910,#909,#780,.T.);
#1786=EDGE_CURVE('',#905,#906,#520,.T.);
#1788=EDGE_CURVE('',#906,#905,#525,.T.);
#1792=EDGE_CURVE('',#913,#914,#803,.T.);
#1794=EDGE_CURVE('',#914,#913,#808,.T.);
#1811=EDGE_CURVE('',#922,#921,#534,.T.);
#1813=EDGE_CURVE('',#905,#922,#529,.T.);
#1816=EDGE_CURVE('',#906,#921,#553,.T.);
#1858=EDGE_CURVE('',#921,#840,#549,.T.);
#1860=EDGE_CURVE('',#886,#840,#579,.T.);
#1862=EDGE_CURVE('',#922,#886,#539,.T.);
#1903=EDGE_CURVE('',#921,#922,#544,.T.);
#1947=EDGE_CURVE('',#887,#839,#606,.T.);
#1949=EDGE_CURVE('',#865,#887,#600,.T.);
#2010=EDGE_CURVE('',#851,#852,#617,.T.);
#2012=EDGE_CURVE('',#852,#856,#629,.T.);
#2014=EDGE_CURVE('',#855,#856,#742,.T.);
#2059=EDGE_CURVE('',#843,#844,#660,.T.);
#2061=EDGE_CURVE('',#844,#852,#668,.T.);
#2124=EDGE_CURVE('',#847,#848,#699,.T.);
#2126=EDGE_CURVE('',#848,#844,#711,.T.);
#2172=EDGE_CURVE('',#856,#848,#750,.T.);
#2190=EDGE_CURVE('',#829,#832,#765,.T.);
#2192=EDGE_CURVE('',#829,#832,#770,.T.);
#2208=EDGE_CURVE('',#829,#830,#755,.T.);
#2210=EDGE_CURVE('',#832,#830,#760,.T.);
#2247=EDGE_CURVE('',#890,#909,#788,.T.);
#2249=EDGE_CURVE('',#890,#891,#793,.T.);
#2251=EDGE_CURVE('',#910,#891,#784,.T.);
#2263=EDGE_CURVE('',#891,#890,#798,.T.);
#2285=EDGE_CURVE('',#895,#914,#816,.T.);
#2287=EDGE_CURVE('',#894,#895,#821,.T.);
#2289=EDGE_CURVE('',#913,#894,#812,.T.);
#2301=EDGE_CURVE('',#895,#894,#826,.T.);
#2319=(LENGTH_UNIT()NAMED_UNIT(*)SI_UNIT(.MILLI.,.METRE.));
#2321=(NAMED_UNIT(*)PLANE_ANGLE_UNIT()SI_UNIT($,.RADIAN.));
#2324=(NAMED_UNIT(*)SI_UNIT($,.STERADIAN.)SOLID_ANGLE_UNIT());
#2327=ADVANCED_BREP_SHAPE_REPRESENTATION('',(#2318),#2326);
#2335=PRODUCT_DEFINITION('design','',#2334,#2331);
#2336=PRODUCT_DEFINITION_SHAPE('','SHAPE FOR S861.',#2335);
#2337=SHAPE_DEFINITION_REPRESENTATION(#2336,#2327);
ENDSEC;
END-ISO-10303-21;
